-- phpMyAdmin SQL Dump
-- version 4.7.7
-- https://www.phpmyadmin.net/
--
-- Host: localhost:3306
-- Generation Time: Nov 29, 2018 at 05:37 AM
-- Server version: 5.6.39-cll-lve
-- PHP Version: 5.6.30

SET SQL_MODE = "NO_AUTO_VALUE_ON_ZERO";
SET AUTOCOMMIT = 0;
START TRANSACTION;
SET time_zone = "+00:00";


/*!40101 SET @OLD_CHARACTER_SET_CLIENT=@@CHARACTER_SET_CLIENT */;
/*!40101 SET @OLD_CHARACTER_SET_RESULTS=@@CHARACTER_SET_RESULTS */;
/*!40101 SET @OLD_COLLATION_CONNECTION=@@COLLATION_CONNECTION */;
/*!40101 SET NAMES utf8mb4 */;

--
-- Database: `redants`
--

-- --------------------------------------------------------

--
-- Table structure for table `mlf_accessories_purchase`
--

CREATE TABLE `mlf_accessories_purchase` (
  `serial_number` bigint(20) NOT NULL,
  `transaction_by` varchar(50) NOT NULL,
  `purchased_from` varchar(50) NOT NULL,
  `purchased_date` date NOT NULL,
  `purchased_cost` int(11) NOT NULL,
  `is_sold` tinyint(1) NOT NULL,
  `item_name` varchar(50) NOT NULL,
  `item_type` varchar(50) NOT NULL
) ENGINE=InnoDB DEFAULT CHARSET=latin1;

-- --------------------------------------------------------

--
-- Table structure for table `mlf_accessories_sold`
--

CREATE TABLE `mlf_accessories_sold` (
  `serial_number` bigint(20) NOT NULL,
  `transaction_by` varchar(50) NOT NULL,
  `sold_to` varchar(50) NOT NULL,
  `sold_date` date NOT NULL,
  `sold_cost` int(11) NOT NULL,
  `item_name` varchar(50) NOT NULL,
  `item_type` varchar(50) NOT NULL
) ENGINE=InnoDB DEFAULT CHARSET=latin1;

-- --------------------------------------------------------

--
-- Table structure for table `mlf_article_finance`
--

CREATE TABLE `mlf_article_finance` (
  `customer_id` varchar(50) NOT NULL,
  `authorised_by` varchar(50) NOT NULL,
  `authorised_at` varchar(25) NOT NULL,
  `article_bill_number` varchar(50) NOT NULL,
  `article_id` varchar(50) NOT NULL,
  `article_type` varchar(50) NOT NULL,
  `article_model` varchar(50) NOT NULL,
  `article_cost` double NOT NULL,
  `date` date NOT NULL,
  `reference_number` bigint(20) NOT NULL,
  `approved_amount` int(11) NOT NULL,
  `documentation_charges` int(11) NOT NULL,
  `rate_of_interest` double NOT NULL,
  `total_emis` int(11) NOT NULL,
  `installment_amount` int(11) NOT NULL,
  `total_amount` int(11) NOT NULL,
  `status` tinyint(1) NOT NULL DEFAULT '1'
) ENGINE=InnoDB DEFAULT CHARSET=latin1;

--
-- Dumping data for table `mlf_article_finance`
--

INSERT INTO `mlf_article_finance` (`customer_id`, `authorised_by`, `authorised_at`, `article_bill_number`, `article_id`, `article_type`, `article_model`, `article_cost`, `date`, `reference_number`, `approved_amount`, `documentation_charges`, `rate_of_interest`, `total_emis`, `installment_amount`, `total_amount`, `status`) VALUES
('9989625573', 'mlfadmin', '', ' ', '64/41', 'AC', 'Lloyd AC', 28000, '2016-05-05', 1, 18000, 0, 2, 1, 18360, 18360, 0),
('9848020668', 'mlfadmin', '', ' ', '63/96', 'WM', 'Bosch', 60000, '2016-03-19', 2, 36600, 0, 8, 4, 9882, 39528, 0),
('7416280347', 'mlfadmin', '', ' ', '63/89', 'RF', 'Samsung', 18000, '2016-03-18', 3, 12800, 0, 20, 10, 1536, 15360, 1),
('9247463910', 'mlfadmin', '', ' ', '63/117', 'AC', 'MITSUBISHI', 42000, '2016-06-09', 5, 22000, 0, 24, 12, 2275, 27280, 1),
('9640364922', 'mlfadmin', '', ' ', '63/161', 'TV', 'Samsung', 34000, '2016-03-29', 6, 21500, 0, 24, 12, 2222, 26660, 1),
('9640126991', 'mlfadmin', '', ' ', '64/2', 'AC', 'Lloyd', 35000, '2016-04-13', 7, 24000, 0, 20, 10, 2880, 28800, 0),
('9666059385', 'mlfadmin', '', ' ', '64/12', 'AC', 'Lloyd', 30000, '2016-04-15', 8, 19000, 0, 24, 12, 1964, 23560, 1),
('9703415686', 'mlfadmin', '', ' ', '64/99', 'AC', 'Lloyd', 30000, '2016-04-12', 13, 19500, 0, 8, 4, 5265, 21060, 1),
('9550168681', 'mlfadmin', '', ' ', '64/185', 'RF', 'Amaran', 18000, '2016-04-26', 16, 9500, 0, 10, 5, 2090, 10450, 1),
('9515365555', 'mlfadmin', '', ' ', '65/1', 'AC', 'Lloyd', 30000, '2016-05-02', 22, 19000, 0, 18, 9, 2492, 22420, 1),
('9949719448', 'mlfadmin', '', ' ', '65/8', 'AC', 'Lloyd', 30000, '2016-05-02', 23, 20000, 0, 24, 12, 2067, 24800, 1),
('9908865281', 'mlfadmin', '', '', '65/26', 'AC', 'Lloyd', 30000, '2016-05-06', 26, 19000, 0, 12, 6, 3547, 21280, 1),
('9177552628', 'mlfadmin', '', '  ', '65/71', 'TV', 'samsung', 40000, '2016-05-13', 31, 28500, 0, 24, 12, 2945, 35340, 1),
('9959033014', 'mlfadmin', '', ' ', '65/97', 'AC', 'Lloyd', 29000, '2016-05-16', 34, 15000, 0, 24, 12, 1550, 18600, 0),
('8500709689', 'mlfadmin', '', ' ', '65/158', 'AC', 'Lloyd', 30000, '2016-05-26', 39, 13000, 0, 12, 6, 2430, 14560, 1),
('9881700853', 'mlfadmin', '', ' ', '65/168', 'AC', 'LG', 36000, '2016-05-26', 42, 23500, 0, 20, 10, 2825, 28200, 0),
('9866096701', 'mlfadmin', '', ' ', '65/196', 'RF', 'AMARON', 12000, '2016-05-28', 43, 6600, 0, 12, 6, 1235, 7392, 1),
('9866913247', 'mlfadmin', '', ' ', '65/204', 'AC', 'MITSUBISHI', 48000, '2016-05-29', 44, 25500, 0, 24, 12, 2640, 31620, 0),
('9705134449', 'mlfadmin', '', ' ', '66/4', 'AC', 'LG', 34000, '2016-06-01', 45, 22000, 0, 12, 6, 4110, 24640, 1),
('9989985861', 'mlfadmin', '', ' ', '66/08', 'TV', 'samsung', 20000, '2016-06-02', 47, 10000, 0, 12, 6, 1870, 11200, 1),
('9985706334', 'mlfadmin', '', ' ', '66/28', 'TV', 'Lloyd', 16000, '2016-06-06', 49, 7000, 0, 8, 4, 1895, 7560, 0),
('9985706334', 'mlfadmin', '', ' ', '66/26', 'WM', 'IFB', 35000, '2016-06-06', 50, 25000, 0, 16, 8, 3630, 29000, 1),
('9490998595', 'mlfadmin', '', ' ', '66/27', 'WM', 'IFB', 25000, '2016-06-06', 51, 16500, 0, 16, 8, 2395, 19140, 1),
('9866741744', 'mlfadmin', '', ' ', '66/15', 'WM', 'IFB', 23000, '2016-06-08', 52, 15000, 0, 24, 12, 1555, 18600, 0),
('9849670604', 'mlfadmin', '', ' ', '66/57', 'TV', 'samsung', 35000, '2016-06-14', 53, 20000, 0, 16, 8, 2905, 23200, 1),
('9291282347', 'mlfadmin', '', ' ', '66/62', 'AC', 'SAMSUNG', 36000, '2016-06-15', 54, 25000, 0, 36, 18, 1890, 34000, 1),
('9515621963', 'mlfadmin', '', ' ', '66/67', 'TV', 'LG LED', 20000, '2016-06-16', 55, 10000, 0, 16, 8, 1455, 11600, 0),
('9676556610', 'mlfadmin', '', ' ', '66/66', 'AC', 'Lloyd', 28000, '2016-06-16', 56, 18000, 0, 24, 12, 1860, 22320, 0),
('9640630661', 'mlfadmin', '', ' ', '66/75', 'WM', 'LG SA WM', 12000, '2016-06-20', 57, 7300, 0, 12, 6, 1365, 8176, 1),
('8985578999', 'mlfadmin', '', ' ', '66/74', 'AC', 'DAIKIN', 40000, '2016-06-17', 58, 37000, 0, 12, 6, 6910, 41440, 1),
('9989562497', 'mlfadmin', '', ' ', '66/82', 'TV', 'LG LED', 20000, '2016-06-22', 60, 12000, 0, 24, 12, 1240, 14880, 1),
('7702334839', 'mlfadmin', '', ' ', '66/83', 'RF', 'WP REF', 18000, '2016-06-22', 61, 10000, 0, 20, 12, 1000, 12000, 0),
('9849973950', 'mlfadmin', '', ' ', '66/92', 'RF', 'WP REF', 28000, '2016-06-23', 62, 20000, 0, 24, 12, 2070, 24800, 1),
('9866241129', 'mlfadmin', '', ' ', '66/96', 'TV', 'LG LED', 20000, '2016-06-24', 63, 9500, 0, 24, 12, 985, 11780, 1),
('8008533919', 'mlfadmin', '', ' ', '66/111', 'TV', 'SAMSUNG LED', 14000, '2016-06-27', 65, 7500, 0, 8, 4, 2030, 8100, 1),
('9440772787', 'mlfadmin', '', ' ', '66/115', 'AC', 'MITSUBISHI', 45000, '2016-06-28', 66, 23500, 0, 5, 2, 12340, 24675, 1),
('9951290060', 'mlfadmin', '', ' ', '66/119', 'TV', 'SONY LED', 55000, '2016-06-29', 67, 30000, 0, 5, 2, 15750, 31500, 1),
('8985102248', 'mlfadmin', '', ' ', '66/105', 'RF', 'AMARON', 18000, '2016-07-01', 68, 11880, 0, 18, 9, 1560, 14018, 1),
('9640751369', 'mlfadmin', '', ' ', '66/127', 'WM', 'IFB', 20000, '2016-06-30', 69, 13600, 0, 16, 8, 1975, 15776, 1),
('9885961263', 'mlfadmin', '', ' ', '67/29', 'RF', 'WP FF', 30000, '2016-07-12', 73, 21500, 0, 24, 12, 2225, 26660, 1),
('9618890287', 'mlfadmin', '', ' ', '67/72', 'RF', 'SAMSUNG DC', 16000, '2016-07-25', 74, 10000, 0, 24, 12, 1035, 12400, 1),
('9505860258', 'mlfadmin', '', ' ', '67/87', 'TV', 'SONY LED', 20000, '2016-07-29', 77, 15000, 0, 24, 12, 1550, 18600, 0),
('8985189788', 'mlfadmin', '', ' ', '67/92', 'TV', 'LG LED', 15000, '2016-07-30', 78, 10000, 0, 24, 12, 1035, 12400, 1),
('9652514320', 'mlfadmin', '', ' ', '67/91', 'RF', 'LG DC', 15000, '2016-07-30', 79, 9000, 0, 24, 12, 930, 11160, 0),
('9000047033', 'mlfadmin', '', ' ', '67/40', 'TV', 'LED', 15000, '2016-07-14', 81, 9000, 0, 20, 10, 1080, 10800, 0),
('9010734817', 'mlfadmin', '', ' ', '68/12', 'TV', 'SAMSUNG LED', 15000, '2016-08-04', 84, 8000, 0, 20, 10, 960, 9600, 1),
('9441862676', 'mlfadmin', '', ' ', '68/39', 'RF', 'SAMSUNG DC', 17000, '2016-08-10', 86, 10000, 0, 24, 12, 1035, 12400, 1),
('9989562684', 'mlfadmin', '', ' ', '68/40', 'RF', 'SAMSUNG DC', 20000, '2016-08-10', 87, 16800, 0, 20, 10, 2020, 20160, 1),
('9959590889', 'mlfadmin', '', ' ', '68/48', 'WM', 'LG SA WM', 12000, '2016-08-10', 88, 7000, 0, 16, 8, 1015, 8120, 1),
('9010424414', 'mlfadmin', '', ' ', '68/51', 'RF', 'SAMSUNG DC', 16000, '2016-08-10', 89, 10000, 0, 24, 12, 1035, 12400, 1),
('9704398002', 'mlfadmin', '', ' ', '68/53', 'RF', 'SAMSUNG DC', 15000, '2016-08-10', 90, 9500, 0, 24, 12, 985, 11780, 1),
('9989104042', 'mlfadmin', '', ' ', '68/50', 'RF', 'SAMSUNG DC', 16000, '2016-08-10', 91, 10500, 0, 24, 12, 1085, 13020, 1),
('8096676102', 'mlfadmin', '', ' ', '68/46', 'TV', 'SAMSUNG LED', 27000, '2016-08-11', 92, 22000, 0, 24, 12, 2275, 27280, 1),
('9550104804', 'mlfadmin', '', ' ', '68/59', 'AC', 'LLOYD AC', 32000, '2016-08-11', 93, 16500, 0, 24, 12, 1705, 20460, 1),
('7093243589', 'mlfadmin', '', ' ', '68/26', 'TV', 'SAMSUNG LED', 25000, '2016-08-09', 94, 19300, 0, 24, 12, 1995, 23932, 1),
('9701218670', 'mlfadmin', '', ' ', '68/68', 'RF', 'LD DC LD LED LD SA WM', 45000, '2016-08-12', 95, 34700, 0, 24, 12, 3590, 43028, 1),
('8885856565', 'mlfadmin', '', ' ', '68/88', 'RF', 'SAMSUNG DC', 16000, '2016-08-17', 96, 10000, 0, 20, 10, 1200, 12000, 1),
('9866913247', 'mlfadmin', '', ' ', '68/99', 'WM', 'LG FL WM', 22000, '2016-08-18', 97, 17000, 0, 24, 12, 1760, 21080, 1),
('9100793980', 'mlfadmin', '', ' ', '68/90', 'WM', 'SAMSUNG TL WM', 15000, '2016-08-17', 98, 11000, 0, 20, 12, 1100, 13200, 1),
('9492546883', 'mlfadmin', '', ' ', '68/122', 'AC', 'LLOYD AC', 30000, '2016-08-23', 100, 18500, 0, 20, 10, 2220, 22200, 1),
('7893275942', 'mlfadmin', '', ' ', '68/128', 'RF', 'SAMSUNG DC', 17000, '2016-08-24', 102, 11000, 0, 12, 6, 2055, 12320, 1),
('8142132020', 'mlfadmin', '', ' ', '68/129', 'TV', 'LG DC', 20000, '2016-08-24', 103, 6700, 0, 12, 6, 1255, 7504, 1),
('9848914535', 'mlfadmin', '', ' ', '68/130', 'TV', 'LG LED LG WM', 40000, '2016-08-24', 104, 7500, 0, 12, 6, 1400, 8400, 1),
('9849898929', 'mlfadmin', '', ' ', '68/101', 'TV', 'SONY LED LG DC', 45000, '2016-08-24', 105, 15500, 0, 6, 2, 8215, 16430, 1);

-- --------------------------------------------------------

--
-- Table structure for table `mlf_cash_finance`
--

CREATE TABLE `mlf_cash_finance` (
  `customer_id` varchar(50) NOT NULL,
  `authorised_by` varchar(50) NOT NULL,
  `authorised_at` varchar(25) NOT NULL,
  `date` date NOT NULL,
  `reference_number` bigint(20) NOT NULL,
  `bill_number` bigint(20) NOT NULL,
  `approved_amount` int(11) NOT NULL,
  `rate_of_interest` double NOT NULL,
  `interest_amount` int(11) NOT NULL,
  `status` tinyint(1) NOT NULL DEFAULT '1',
  `cleared_balance` int(11) NOT NULL DEFAULT '0'
) ENGINE=InnoDB DEFAULT CHARSET=latin1;

--
-- Dumping data for table `mlf_cash_finance`
--

INSERT INTO `mlf_cash_finance` (`customer_id`, `authorised_by`, `authorised_at`, `date`, `reference_number`, `bill_number`, `approved_amount`, `rate_of_interest`, `interest_amount`, `status`, `cleared_balance`) VALUES
('9440536911', 'mlfadmin', '', '2016-05-26', 201800001, 38, 13000, 36, 390, 0, 12500);

-- --------------------------------------------------------

--
-- Table structure for table `mlf_emp_expenses`
--

CREATE TABLE `mlf_emp_expenses` (
  `emp_id` varchar(50) NOT NULL,
  `cstmr_id` varchar(50) NOT NULL,
  `expense` int(11) NOT NULL,
  `amt_collected` int(11) NOT NULL,
  `remarks` varchar(250) NOT NULL
) ENGINE=InnoDB DEFAULT CHARSET=latin1;

-- --------------------------------------------------------

--
-- Table structure for table `mlf_emp_info`
--

CREATE TABLE `mlf_emp_info` (
  `username` varchar(50) NOT NULL,
  `salary` int(11) NOT NULL,
  `location` varchar(50) NOT NULL,
  `joining_date` date NOT NULL,
  `is_active` tinyint(1) NOT NULL,
  `left_date` date NOT NULL
) ENGINE=InnoDB DEFAULT CHARSET=latin1;

--
-- Dumping data for table `mlf_emp_info`
--

INSERT INTO `mlf_emp_info` (`username`, `salary`, `location`, `joining_date`, `is_active`, `left_date`) VALUES
('9959723814', 0, 'PAL', '2018-07-14', 0, '0000-00-00'),
('7780169003', 0, 'PAL', '2018-07-14', 0, '0000-00-00');

-- --------------------------------------------------------

--
-- Table structure for table `mlf_emp_services`
--

CREATE TABLE `mlf_emp_services` (
  `username` varchar(50) NOT NULL,
  `service_id` int(11) NOT NULL
) ENGINE=InnoDB DEFAULT CHARSET=latin1;

--
-- Dumping data for table `mlf_emp_services`
--

INSERT INTO `mlf_emp_services` (`username`, `service_id`) VALUES
('9959723814', 0),
('9959723814', 19),
('9959723814', 20),
('9959723814', 1),
('7780169003', 0),
('7780169003', 19),
('7780169003', 20);

-- --------------------------------------------------------

--
-- Table structure for table `mlf_old_materials_purchase`
--

CREATE TABLE `mlf_old_materials_purchase` (
  `serial_number` bigint(7) NOT NULL,
  `transaction_by` varchar(50) NOT NULL,
  `item_model` varchar(50) NOT NULL,
  `item_type` varchar(50) NOT NULL,
  `purchased_from` varchar(50) NOT NULL,
  `purchased_date` date NOT NULL,
  `purchased_cost` double NOT NULL,
  `purchased_condition` tinyint(1) NOT NULL,
  `purchased_remark` varchar(250) NOT NULL,
  `is_sold` tinyint(1) NOT NULL
) ENGINE=InnoDB DEFAULT CHARSET=latin1;

-- --------------------------------------------------------

--
-- Table structure for table `mlf_old_materials_sold`
--

CREATE TABLE `mlf_old_materials_sold` (
  `serial_number` bigint(7) NOT NULL,
  `transaction_by` varchar(50) NOT NULL,
  `item_model` varchar(50) NOT NULL,
  `item_type` varchar(50) NOT NULL,
  `sold_to` varchar(50) NOT NULL,
  `sold_date` date NOT NULL,
  `sold_cost` double NOT NULL,
  `sold_condition` tinyint(1) NOT NULL,
  `sold_remark` varchar(250) NOT NULL
) ENGINE=InnoDB DEFAULT CHARSET=latin1;

-- --------------------------------------------------------

--
-- Table structure for table `mlf_roles`
--

CREATE TABLE `mlf_roles` (
  `role_id` int(11) NOT NULL,
  `role_name` varchar(50) NOT NULL
) ENGINE=InnoDB DEFAULT CHARSET=latin1;

--
-- Dumping data for table `mlf_roles`
--

INSERT INTO `mlf_roles` (`role_id`, `role_name`) VALUES
(1, 'admin'),
(3, 'customer'),
(2, 'Employee');

-- --------------------------------------------------------

--
-- Table structure for table `mlf_roles_services`
--

CREATE TABLE `mlf_roles_services` (
  `role_id` int(11) NOT NULL,
  `service_id` double NOT NULL
) ENGINE=InnoDB DEFAULT CHARSET=latin1;

--
-- Dumping data for table `mlf_roles_services`
--

INSERT INTO `mlf_roles_services` (`role_id`, `service_id`) VALUES
(1, 0),
(1, 2),
(1, 3),
(1, 4),
(1, 5),
(1, 6),
(1, 7),
(1, 10),
(1, 19),
(1, 20),
(3, 0),
(3, 19),
(3, 20),
(1, 1.1);

-- --------------------------------------------------------

--
-- Table structure for table `mlf_services`
--

CREATE TABLE `mlf_services` (
  `service_id` double NOT NULL,
  `service_name` varchar(50) NOT NULL
) ENGINE=InnoDB DEFAULT CHARSET=latin1;

--
-- Dumping data for table `mlf_services`
--

INSERT INTO `mlf_services` (`service_id`, `service_name`) VALUES
(0, 'Profile'),
(1, 'Customer'),
(1.1, 'Users'),
(2, 'Article Finance'),
(3, 'Cash Finance'),
(4, 'Buy Back Items'),
(5, 'Employee'),
(6, 'Accessories'),
(7, 'Summary'),
(10, 'Transactions'),
(19, 'Change Password'),
(20, 'Signout');

-- --------------------------------------------------------

--
-- Table structure for table `mlf_transactions`
--

CREATE TABLE `mlf_transactions` (
  `customer_id` varchar(50) NOT NULL,
  `authorised_by` varchar(50) NOT NULL,
  `reference_number` bigint(20) NOT NULL,
  `transaction_id` bigint(20) NOT NULL,
  `due_date` date NOT NULL,
  `due_amount` int(11) NOT NULL,
  `penality_days` int(11) NOT NULL,
  `penality_amount` int(11) NOT NULL,
  `due_amount_paid` int(11) NOT NULL,
  `penality_amount_paid` int(20) NOT NULL,
  `total_due_amount_paid` int(11) NOT NULL,
  `transaction_date` date NOT NULL,
  `receipt_id` bigint(20) NOT NULL
) ENGINE=InnoDB DEFAULT CHARSET=latin1;

--
-- Dumping data for table `mlf_transactions`
--

INSERT INTO `mlf_transactions` (`customer_id`, `authorised_by`, `reference_number`, `transaction_id`, `due_date`, `due_amount`, `penality_days`, `penality_amount`, `due_amount_paid`, `penality_amount_paid`, `total_due_amount_paid`, `transaction_date`, `receipt_id`) VALUES
('', '', 0, 0, '0000-00-00', 0, 0, 0, 0, 0, 0, '0000-00-00', 0),
('9989625573', 'mlfadmin', 1, 2018000001, '2016-06-05', 18360, 761, 0, 18360, 0, 18360, '2016-06-05', 1),
('9848020668', 'mlfadmin', 2, 2018000002, '2016-04-19', 9882, 808, 0, 9882, 0, 9882, '2016-06-02', 22),
('9848020668', 'mlfadmin', 2, 2018000003, '2016-05-19', 9882, 778, 0, 9882, 0, 19764, '2016-07-02', 9),
('9848020668', 'mlfadmin', 2, 2018000004, '2016-06-19', 9882, 747, 0, 9882, 0, 29646, '2016-08-12', 38),
('9848020668', 'mlfadmin', 2, 2018000005, '2016-07-19', 9882, 717, 0, 9882, 0, 39528, '2016-08-18', 166),
('7416280347', 'mlfadmin', 3, 2018000006, '2016-04-18', 1536, 809, 0, 1536, 0, 1536, '2016-04-19', 1007),
('7416280347', 'mlfadmin', 3, 2018000007, '2016-05-18', 1536, 779, 0, 1536, 0, 3072, '2016-05-20', 1008),
('7416280347', 'mlfadmin', 3, 2018000008, '2016-06-18', 1536, 748, 0, 1536, 0, 4608, '2016-06-18', 1022),
('7416280347', 'mlfadmin', 3, 2018000009, '2016-07-18', 1536, 718, 0, 1536, 0, 6144, '2016-07-18', 1045),
('7416280347', 'mlfadmin', 3, 2018000010, '2016-08-18', 1536, 687, 0, 1536, 0, 7680, '2016-08-23', 1090),
('7416280347', 'mlfadmin', 3, 2018000011, '2016-09-18', 1536, 656, 0, 1536, 0, 9216, '2016-09-23', 1138),
('7416280347', 'mlfadmin', 3, 2018000012, '2016-10-18', 1536, 626, 0, 1536, 0, 10752, '2016-10-19', 1183),
('7416280347', 'mlfadmin', 3, 2018000013, '2016-11-18', 1536, 595, 0, 1550, 0, 12302, '2016-12-15', 2098),
('7416280347', 'mlfadmin', 3, 2018000014, '2016-12-18', 1522, 565, 0, 1536, 0, 13838, '2017-01-19', 2178),
('7416280347', 'mlfadmin', 3, 2018000015, '2017-01-18', 1522, 534, 0, 1536, 0, 15374, '2017-02-23', 3089),
('9640364922', 'mlfadmin', 6, 2018000016, '2016-04-29', 2222, 798, 0, 2200, 0, 2200, '2016-07-04', 1028),
('9640364922', 'mlfadmin', 6, 2018000017, '2016-05-29', 2244, 768, 0, 2222, 0, 4422, '2016-07-08', 1036),
('9640364922', 'mlfadmin', 6, 2018000018, '2016-06-29', 2244, 737, 0, 2222, 0, 6644, '2016-08-22', 1082),
('9640364922', 'mlfadmin', 6, 2018000019, '2016-07-29', 2244, 707, 0, 2200, 0, 8844, '2016-11-29', 2058),
('9640364922', 'mlfadmin', 6, 2018000020, '2016-08-29', 2266, 676, 0, 2222, 0, 11066, '2017-01-20', 2181),
('9640364922', 'mlfadmin', 6, 2018000021, '2016-09-29', 2266, 645, 0, 2222, 0, 13288, '2017-01-20', 2181),
('9640364922', 'mlfadmin', 6, 2018000022, '2016-10-29', 2266, 615, 0, 2222, 0, 15510, '2017-01-20', 2181),
('9640364922', 'mlfadmin', 6, 2018000023, '2016-11-29', 2266, 584, 0, 2222, 0, 17732, '2016-01-20', 2181),
('9640364922', 'mlfadmin', 6, 2018000024, '2016-12-29', 2266, 554, 0, 2222, 0, 19954, '2017-01-20', 2181),
('9640364922', 'mlfadmin', 6, 2018000025, '2017-01-29', 2266, 523, 0, 2000, 0, 21954, '2017-02-14', 3054),
('9640364922', 'mlfadmin', 6, 2018000026, '2017-03-01', 2488, 492, 0, 2220, 0, 24174, '2017-08-02', 6188),
('9640364922', 'mlfadmin', 6, 2018000027, '2017-03-29', 2490, 464, 0, 2490, 0, 26664, '2017-11-11', 9196),
('9640126991', 'mlfadmin', 7, 2018000028, '2016-05-13', 2880, 784, 0, 2880, 0, 2880, '2016-05-20', 1002),
('9640126991', 'mlfadmin', 7, 2018000029, '2016-06-13', 2880, 753, 0, 2880, 0, 5760, '2016-06-16', 1007),
('9640126991', 'mlfadmin', 7, 2018000030, '2016-07-13', 2880, 723, 0, 2880, 0, 8640, '2016-07-20', 1047),
('9640126991', 'mlfadmin', 7, 2018000031, '2016-08-13', 2880, 692, 0, 2880, 0, 11520, '2016-08-22', 1087),
('9640126991', 'mlfadmin', 7, 2018000032, '2016-09-13', 2880, 661, 0, 2880, 0, 14400, '2016-12-14', 2094),
('9640126991', 'mlfadmin', 7, 2018000033, '2016-10-13', 2880, 631, 0, 2880, 0, 17280, '2016-12-14', 2094),
('9640126991', 'mlfadmin', 7, 2018000034, '2016-11-13', 2880, 600, 0, 2880, 0, 20160, '2016-12-14', 2094),
('9640126991', 'mlfadmin', 7, 2018000035, '2016-12-13', 2880, 570, 0, 2880, 0, 23040, '2016-12-14', 2094),
('9640126991', 'mlfadmin', 7, 2018000036, '2017-01-13', 2880, 539, 0, 2880, 0, 25920, '2016-12-14', 2095),
('9640126991', 'mlfadmin', 7, 2018000037, '2017-02-13', 2880, 508, 0, 2880, 0, 28800, '2016-12-14', 2095),
('9666059385', 'mlfadmin', 8, 2018000038, '2016-05-15', 1964, 782, 0, 1970, 0, 1970, '2016-05-11', 1001),
('9666059385', 'mlfadmin', 8, 2018000039, '2016-06-15', 1958, 751, 0, 1970, 0, 3940, '2016-06-14', 1016),
('9666059385', 'mlfadmin', 8, 2018000040, '2016-07-15', 1952, 721, 0, 1970, 0, 5910, '2016-07-13', 1038),
('9666059385', 'mlfadmin', 8, 2018000041, '2016-08-15', 1946, 690, 0, 1970, 0, 7880, '2016-08-16', 1075),
('9666059385', 'mlfadmin', 8, 2018000042, '2016-09-15', 1940, 659, 0, 1970, 0, 9850, '2016-09-14', 1126),
('9666059385', 'mlfadmin', 8, 2018000043, '2016-10-15', 1934, 629, 0, 1970, 0, 11820, '2016-10-14', 1171),
('9666059385', 'mlfadmin', 8, 2018000044, '2016-11-15', 1928, 598, 0, 1970, 0, 13790, '2016-11-11', 2026),
('9666059385', 'mlfadmin', 8, 2018000045, '2016-12-15', 1922, 568, 0, 1970, 0, 15760, '2016-12-14', 2091),
('9666059385', 'mlfadmin', 8, 2018000046, '2017-01-15', 1916, 537, 0, 1970, 0, 17730, '2017-01-09', 2156),
('9666059385', 'mlfadmin', 8, 2018000047, '2017-02-15', 1910, 506, 0, 1970, 0, 19700, '2017-02-13', 3046),
('9666059385', 'mlfadmin', 8, 2018000048, '2017-03-15', 1904, 478, 0, 1970, 0, 21670, '2017-03-08', 3128),
('9666059385', 'mlfadmin', 8, 2018000049, '2017-04-15', 1898, 447, 0, 1970, 0, 23640, '2017-04-08', 4012),
('9703415686', 'mlfadmin', 13, 2018000050, '2016-05-12', 5265, 786, 0, 7000, 0, 7000, '2016-05-23', 1010),
('9703415686', 'mlfadmin', 13, 2018000051, '2016-06-12', 3530, 755, 0, 7000, 0, 14000, '2016-06-13', 1015),
('9703415686', 'mlfadmin', 13, 2018000052, '2016-07-12', 1795, 725, 0, 5000, 0, 19000, '2016-07-11', 1037),
('9703415686', 'mlfadmin', 13, 2018000053, '2016-08-12', 2060, 694, 0, 2100, 0, 21100, '2016-08-08', 1076),
('9515365555', 'mlfadmin', 22, 2018000054, '2016-06-02', 2492, 765, 0, 2500, 0, 2500, '2016-06-07', 1012),
('9515365555', 'mlfadmin', 22, 2018000055, '2016-07-02', 2484, 735, 0, 2500, 0, 5000, '2016-09-29', 1143),
('9515365555', 'mlfadmin', 22, 2018000056, '2016-08-02', 2476, 704, 0, 2500, 0, 7500, '2016-09-29', 1143),
('9515365555', 'mlfadmin', 22, 2018000057, '2016-09-02', 2468, 673, 0, 2500, 0, 10000, '2016-09-29', 1143),
('9515365555', 'mlfadmin', 22, 2018000058, '2016-10-02', 2460, 643, 0, 2500, 0, 12500, '2017-07-03', 3123),
('9515365555', 'mlfadmin', 22, 2018000059, '2016-11-02', 2452, 612, 0, 2500, 0, 15000, '2017-03-07', 3123),
('9515365555', 'mlfadmin', 22, 2018000060, '2016-12-02', 2444, 582, 0, 2500, 0, 17500, '2017-09-01', 7161),
('9515365555', 'mlfadmin', 22, 2018000061, '2017-01-02', 2436, 551, 0, 2500, 0, 20000, '2017-09-01', 7161),
('9515365555', 'mlfadmin', 22, 2018000062, '2017-02-02', 2428, 520, 0, 2500, 0, 22500, '2018-03-03', 13112),
('9949719448', 'mlfadmin', 23, 2018000063, '2016-06-02', 2067, 765, 0, 2070, 0, 2070, '2016-05-30', 1006),
('9949719448', 'mlfadmin', 23, 2018000064, '2016-07-02', 2064, 735, 0, 2060, 0, 4130, '2016-07-01', 1027),
('9949719448', 'mlfadmin', 23, 2018000065, '2016-08-02', 2071, 704, 0, 2060, 0, 6190, '2016-08-03', 1065),
('9949719448', 'mlfadmin', 23, 2018000066, '2016-09-02', 2078, 673, 0, 2060, 0, 8250, '2016-09-04', 1107),
('9949719448', 'mlfadmin', 23, 2018000067, '2016-10-02', 2085, 643, 0, 2000, 0, 10250, '2016-10-17', 1175),
('9949719448', 'mlfadmin', 23, 2018000068, '2016-11-02', 2152, 612, 0, 2100, 0, 12350, '2016-11-19', 2047),
('9949719448', 'mlfadmin', 23, 2018000069, '2016-12-02', 2119, 582, 0, 2100, 0, 14450, '2017-01-04', 2138),
('9949719448', 'mlfadmin', 23, 2018000070, '2017-01-02', 2086, 551, 0, 2050, 0, 16500, '2017-03-04', 3112),
('9949719448', 'mlfadmin', 23, 2018000071, '2017-02-02', 2103, 520, 0, 2050, 0, 18550, '2017-03-04', 3112),
('9949719448', 'mlfadmin', 23, 2018000072, '2017-03-02', 2120, 492, 0, 2050, 0, 20600, '2017-05-01', 4110),
('9949719448', 'mlfadmin', 23, 2018000073, '2017-04-02', 2137, 461, 0, 2050, 0, 22650, '2017-05-01', 4110),
('9949719448', 'mlfadmin', 23, 2018000074, '2017-05-02', 2154, 431, 0, 2154, 0, 24804, '2017-07-21', 6129),
('9908865281', 'mlfadmin', 26, 2018000075, '2016-06-06', 3547, 761, 0, 3700, 0, 3700, '2016-06-16', 1026),
('9908865281', 'mlfadmin', 26, 2018000076, '2016-07-06', 3394, 731, 0, 3730, 0, 7430, '2016-07-06', 1033),
('9908865281', 'mlfadmin', 26, 2018000077, '2016-08-06', 3211, 700, 0, 3730, 0, 11160, '2016-09-07', 1026),
('9908865281', 'mlfadmin', 26, 2018000078, '2016-09-06', 3028, 669, 0, 3730, 0, 14890, '2016-09-07', 1026),
('9908865281', 'mlfadmin', 26, 2018000079, '2016-10-06', 2845, 639, 0, 0, 0, 14890, '2016-09-07', 1026),
('9177552628', 'mlfadmin', 31, 2018000080, '2016-06-13', 2945, 754, 0, 2945, 0, 2945, '2016-06-13', 1014),
('9177552628', 'mlfadmin', 31, 2018000081, '2016-07-13', 2945, 724, 0, 2945, 0, 5890, '2016-07-15', 1041),
('9177552628', 'mlfadmin', 31, 2018000082, '2016-08-13', 2945, 693, 0, 2945, 0, 8835, '2016-08-15', 1074),
('9177552628', 'mlfadmin', 31, 2018000083, '2016-09-13', 2945, 662, 0, 2945, 0, 11780, '2016-09-12', 1120),
('9177552628', 'mlfadmin', 31, 2018000084, '2016-10-13', 2945, 632, 0, 2945, 0, 14725, '2016-10-13', 1168),
('9177552628', 'mlfadmin', 31, 2018000085, '2016-11-13', 2945, 601, 0, 2945, 0, 17670, '2017-01-04', 2139),
('9177552628', 'mlfadmin', 31, 2018000086, '2016-12-13', 2945, 571, 0, 2945, 0, 20615, '2017-01-04', 2139),
('9177552628', 'mlfadmin', 31, 2018000087, '2017-01-13', 2945, 540, 0, 2950, 0, 23565, '2017-02-08', 3029),
('9177552628', 'mlfadmin', 31, 2018000088, '2017-02-13', 2940, 509, 0, 2950, 0, 26515, '2017-03-25', 3186),
('9177552628', 'mlfadmin', 31, 2018000089, '2017-03-13', 2935, 481, 0, 2950, 0, 29465, '2017-06-01', 5071),
('9177552628', 'mlfadmin', 31, 2018000090, '2017-04-13', 2930, 450, 0, 2950, 0, 32415, '2017-07-15', 6098),
('9177552628', 'mlfadmin', 31, 2018000091, '2017-05-13', 2925, 420, 0, 3860, 0, 36275, '2017-09-01', 7156),
('9440536911', 'mlfadmin', 201800001, 2018000092, '2018-07-26', 10145, -699, 0, 14000, 0, 15500, '2016-08-26', 67),
('8500709689', 'mlfadmin', 39, 2018000093, '2016-06-26', 2435, 101, 0, 2500, 0, 2500, '2016-10-05', 1151),
('8500709689', 'mlfadmin', 39, 2018000094, '2016-07-26', 2415, 71, 0, 2500, 0, 5000, '2016-10-05', 1151),
('8500709689', 'mlfadmin', 39, 2018000095, '2016-08-26', 2340, 148, 0, 2500, 0, 7500, '2017-01-21', 2185),
('8500709689', 'mlfadmin', 39, 2018000096, '2016-09-26', 2275, 117, 0, 2500, 0, 10000, '2017-01-21', 2185),
('8500709689', 'mlfadmin', 39, 2018000097, '2016-10-26', 2200, 139, 694, 2500, 2000, 12500, '2017-03-14', 3152),
('8500709689', 'mlfadmin', 39, 2018000098, '2016-11-26', 2120, 240, 1198, 2120, 380, 14620, '2017-07-24', 999002),
('9881700853', 'mlfadmin', 42, 2018000099, '2016-06-26', 10, 8, 0, 2820, 0, 2820, '2016-07-04', 1029),
('9881700853', 'mlfadmin', 42, 2018000100, '2016-07-26', 2880, 36, 0, 2820, 0, 5640, '2016-08-31', 1098),
('9881700853', 'mlfadmin', 42, 2018000101, '2016-08-26', 2885, 5, 0, 2820, 0, 8460, '2016-08-31', 1099),
('9881700853', 'mlfadmin', 42, 2018000102, '2016-09-26', 2915, -26, 0, 2820, 0, 11280, '2016-08-31', 1100),
('9881700853', 'mlfadmin', 42, 2018000103, '2016-10-26', 2915, 2, 0, 2820, 0, 14100, '2016-10-28', 1193),
('9881700853', 'mlfadmin', 42, 2018000104, '2016-11-26', 2930, 16, 0, 2820, 0, 16920, '2016-12-12', 2084),
('9881700853', 'mlfadmin', 42, 2018000105, '2016-12-26', 2925, -14, 0, 2820, 0, 19740, '2016-12-12', 2084),
('9881700853', 'mlfadmin', 42, 2018000106, '2017-01-26', 2930, -1, 0, 2820, 0, 22560, '2017-01-25', 2196),
('9881700853', 'mlfadmin', 42, 2018000107, '2017-02-26', 2935, 22, 0, 2820, 0, 25380, '2017-03-20', 3174),
('9881700853', 'mlfadmin', 42, 2018000108, '2017-03-26', 2940, 71, 0, 2820, 0, 28200, '2017-06-05', 5075),
('9866096701', 'mlfadmin', 43, 2018000109, '2016-06-28', 785, -13, 0, 1232, 0, 1232, '2016-06-15', 1017),
('9866096701', 'mlfadmin', 43, 2018000110, '2016-07-28', 1305, -14, 0, 1232, 0, 2464, '2016-07-14', 1039),
('9866096701', 'mlfadmin', 43, 2018000111, '2016-08-28', 1310, -19, 0, 1230, 0, 3694, '2016-08-09', 1068),
('9866096701', 'mlfadmin', 43, 2018000112, '2016-09-28', 1315, -21, 0, 1232, 0, 4926, '2016-09-07', 1111),
('9866096701', 'mlfadmin', 43, 2018000113, '2016-10-28', 1300, -10, 0, 1230, 0, 6156, '2016-10-18', 1177),
('9866096701', 'mlfadmin', 43, 2018000114, '2016-11-28', 1320, 7, 0, 1240, 0, 7396, '2016-12-05', 2063),
('9866913247', 'mlfadmin', 44, 2018000115, '2016-06-29', 2640, 0, 0, 2600, 0, 2600, '2016-06-29', 1025),
('9866913247', 'mlfadmin', 44, 2018000116, '2016-07-29', 2680, 0, 0, 2700, 0, 5300, '2016-07-29', 1057),
('9866913247', 'mlfadmin', 44, 2018000117, '2016-08-29', 2620, 13, 0, 2600, 0, 7900, '2016-09-11', 1117),
('9866913247', 'mlfadmin', 44, 2018000118, '2016-08-29', 20, 82, 0, 2635, 0, 10535, '2016-11-19', 2045),
('9866913247', 'mlfadmin', 44, 2018000119, '2016-10-29', 2665, 21, 0, 2635, 0, 13170, '2016-11-19', 2045),
('9866913247', 'mlfadmin', 44, 2018000120, '2016-11-29', 2670, -10, 0, 2635, 0, 15805, '2016-11-19', 2045),
('9866913247', 'mlfadmin', 44, 2018000121, '2016-12-29', 2675, 26, 0, 2635, 0, 18440, '2017-01-24', 2193),
('9866913247', 'mlfadmin', 44, 2018000122, '2017-01-29', 2680, -5, 0, 2635, 0, 21075, '2017-01-24', 2193),
('9866913247', 'mlfadmin', 44, 2018000123, '2017-03-01', 2685, 59, 0, 3000, 0, 24075, '2017-04-29', 4108),
('9866913247', 'mlfadmin', 44, 2018000124, '2017-03-29', 2325, 57, 0, 2515, 0, 26590, '2017-05-25', 5038),
('9866913247', 'mlfadmin', 44, 2018000125, '2017-04-29', 2450, 26, 0, 2515, 0, 29105, '2017-05-25', 5038),
('9866913247', 'mlfadmin', 44, 2018000126, '2017-05-29', 2575, -4, 0, 2515, 0, 31620, '2017-05-25', 5038),
('9705134449', 'mlfadmin', 45, 2018000127, '2016-07-01', 4110, 7, 0, 20000, 0, 20000, '2016-07-08', 1034),
('9705134449', 'mlfadmin', 45, 2018000128, '2016-08-01', 0, 2, 0, 3000, 0, 23000, '2016-08-03', 1063),
('9989985861', 'mlfadmin', 47, 2018000129, '2016-07-02', 1870, 34, 0, 1900, 0, 1900, '2016-08-05', 1080),
('9989985861', 'mlfadmin', 47, 2018000130, '2016-08-02', 1840, 3, 0, 1900, 0, 3800, '2016-08-05', 1080),
('9989985861', 'mlfadmin', 47, 2018000131, '2016-09-02', 1810, 90, 0, 1900, 0, 5700, '2016-12-01', 2),
('9989985861', 'mlfadmin', 47, 2018000132, '2016-10-02', 1780, 60, 0, 1900, 0, 7600, '2016-12-01', 2),
('9989985861', 'mlfadmin', 47, 2018000133, '2016-11-02', 1750, 63, 0, 1900, 0, 9500, '2017-01-04', 2135),
('9989985861', 'mlfadmin', 47, 2018000134, '2016-12-02', 1720, 33, 0, 1900, 0, 11400, '2017-01-04', 2135),
('9985706334', 'mlfadmin', 49, 2018000135, '2016-07-06', 1895, -1, 0, 1890, 0, 1890, '2016-07-05', 1032),
('9985706334', 'mlfadmin', 49, 2018000136, '2016-08-06', 1900, 5, 0, 1890, 0, 3780, '2016-08-11', 1070),
('9985706334', 'mlfadmin', 49, 2018000137, '2016-09-06', 1905, 6, 0, 1890, 0, 5670, '2016-09-12', 1123),
('9985706334', 'mlfadmin', 49, 2018000138, '2016-10-06', 1910, 70, 0, 1890, 0, 7560, '2016-12-15', 2097),
('9866741744', 'mlfadmin', 52, 2018000139, '2016-07-08', 1555, 0, 0, 1550, 0, 1550, '2016-07-08', 1035),
('9866741744', 'mlfadmin', 52, 2018000140, '2016-08-08', 1560, 3, 0, 1550, 0, 3100, '2016-08-11', 1069),
('9866741744', 'mlfadmin', 52, 2018000141, '2016-09-08', 1565, 4, 0, 1550, 0, 4650, '2016-09-12', 1121),
('9866741744', 'mlfadmin', 52, 2018000142, '2016-10-08', 1570, 0, 0, 1550, 0, 6200, '2016-10-08', 1160),
('9866741744', 'mlfadmin', 52, 2018000143, '2016-11-08', 1575, 7, 0, 1550, 0, 7750, '2016-11-15', 2035),
('9866741744', 'mlfadmin', 52, 2018000144, '2016-12-08', 1580, 1, 0, 1550, 0, 9300, '2016-12-09', 2074),
('9866741744', 'mlfadmin', 52, 2018000145, '2017-01-08', 1585, 13, 0, 1550, 0, 10850, '2017-01-21', 2187),
('9866741744', 'mlfadmin', 52, 2018000146, '2017-02-08', 1590, 9, 0, 1550, 0, 12400, '2017-02-17', 3067),
('9866741744', 'mlfadmin', 52, 2018000147, '2017-03-08', 1595, 7, 0, 1550, 0, 13950, '2017-03-15', 3159),
('9866741744', 'mlfadmin', 52, 2018000148, '2017-04-08', 1600, 33, 0, 1550, 0, 15500, '2017-05-11', 4168),
('9866741744', 'mlfadmin', 52, 2018000149, '2017-05-08', 1605, 46, 0, 1550, 0, 17050, '2017-06-23', 5169),
('9866741744', 'mlfadmin', 52, 2018000150, '2017-06-08', 1610, 68, 0, 1550, 0, 18600, '2017-08-15', 7078),
('9849670604', 'mlfadmin', 53, 2018000151, '2016-07-14', 2905, 19, 0, 2900, 0, 2900, '2016-08-02', 1066),
('9849670604', 'mlfadmin', 53, 2018000152, '2016-08-14', 2910, 83, 0, 2900, 0, 5800, '2016-11-05', 2007),
('9849670604', 'mlfadmin', 53, 2018000153, '2016-09-14', 2915, 52, 0, 2900, 0, 8700, '2016-11-05', 2008),
('9849670604', 'mlfadmin', 53, 2018000154, '2016-10-14', 2920, 157, 0, 3000, 0, 11700, '2017-03-20', 3175),
('9849670604', 'mlfadmin', 53, 2018000155, '2016-11-14', 2825, 169, 0, 3000, 0, 14700, '2017-05-02', 4118),
('9849670604', 'mlfadmin', 53, 2018000156, '2016-12-14', 0, 233, 0, 2000, 0, 16700, '2017-08-04', 7008),
('9849670604', 'mlfadmin', 53, 2018000157, '2017-01-14', 3635, 236, 0, 2000, 0, 18700, '2017-09-07', 8005),
('9849670604', 'mlfadmin', 53, 2018000158, '2017-02-14', 4540, 295, 2465, 2000, 2500, 20700, '2017-12-06', 10159),
('9291282347', 'mlfadmin', 54, 2018000159, '2016-07-15', 1890, 0, 0, 1890, 0, 1890, '2016-07-15', 1042),
('9291282347', 'mlfadmin', 54, 2018000160, '2016-08-15', 1890, 8, 0, 1890, 0, 3780, '2016-08-23', 1089),
('9291282347', 'mlfadmin', 54, 2018000161, '2016-09-15', 1890, 39, 0, 1900, 0, 5680, '2016-10-24', 1187),
('9291282347', 'mlfadmin', 54, 2018000162, '2016-10-15', 1880, 48, 0, 1900, 0, 7580, '2016-12-02', 2060),
('9291282347', 'mlfadmin', 54, 2018000163, '2016-11-15', 1870, 45, 0, 1900, 0, 9480, '2016-12-30', 2126),
('9291282347', 'mlfadmin', 54, 2018000164, '2016-12-15', 1860, 49, 0, 1900, 0, 11380, '2017-02-02', 3009),
('9291282347', 'mlfadmin', 54, 2018000165, '2017-01-15', 1850, 68, 0, 1900, 0, 13280, '2017-03-24', 3185),
('9291282347', 'mlfadmin', 54, 2018000166, '2017-02-15', 1840, 148, 0, 2000, 0, 15280, '2017-07-13', 6083),
('9291282347', 'mlfadmin', 54, 2018000167, '2017-03-15', 1730, 120, 0, 2000, 0, 17280, '2017-07-13', 6083),
('9291282347', 'mlfadmin', 54, 2018000168, '2017-04-15', 1620, 158, 0, 2000, 0, 19280, '2017-09-20', 8087),
('9291282347', 'mlfadmin', 54, 2018000169, '2017-05-15', 0, 128, 0, 2000, 0, 21280, '2017-09-20', 8087),
('9291282347', 'mlfadmin', 54, 2018000170, '2017-06-15', 1400, 146, 0, 2000, 0, 23280, '2017-11-08', 9170),
('9291282347', 'mlfadmin', 54, 2018000171, '2017-07-15', 1290, 116, 0, 2000, 0, 25280, '2017-11-08', 9170),
('9291282347', 'mlfadmin', 54, 2018000172, '2017-08-15', 1180, 85, 0, 2000, 0, 27280, '2017-11-08', 9170),
('9291282347', 'mlfadmin', 54, 2018000173, '2017-09-15', 1070, 54, 0, 2000, 0, 29280, '2017-11-08', 9170),
('9291282347', 'mlfadmin', 54, 2018000174, '2017-10-15', 960, 24, 0, 2000, 0, 31280, '2017-11-08', 9170),
('9291282347', 'mlfadmin', 54, 2018000175, '2017-11-15', 850, 110, 0, 1370, 0, 32650, '2018-03-05', 999051),
('9291282347', 'mlfadmin', 54, 2018000176, '2017-12-15', 1370, 80, 0, 1370, 0, 34020, '2018-03-05', 999051),
('9515621963', 'mlfadmin', 55, 2018000177, '2016-07-16', 1455, -2, 0, 1450, 0, 1450, '2016-07-14', 1040),
('9515621963', 'mlfadmin', 55, 2018000178, '2016-08-16', 1460, 0, 0, 1450, 0, 2900, '2016-08-16', 1077),
('9515621963', 'mlfadmin', 55, 2018000179, '2016-09-16', 1465, 0, 0, 1450, 0, 4350, '2016-09-16', 1128),
('9515621963', 'mlfadmin', 55, 2018000180, '2016-10-16', 1470, -2, 0, 1450, 0, 5800, '2016-10-14', 1172),
('9515621963', 'mlfadmin', 55, 2018000181, '2016-11-16', 1475, 0, 0, 1450, 0, 7250, '2016-11-16', 2038),
('9515621963', 'mlfadmin', 55, 2018000182, '2016-12-16', 1480, 5, 0, 1500, 0, 8750, '2016-12-21', 2111),
('9515621963', 'mlfadmin', 55, 2018000183, '2017-01-16', 1435, -8, 0, 1400, 0, 10150, '2017-01-08', 2154),
('9515621963', 'mlfadmin', 55, 2018000184, '2017-02-16', 1490, -39, 0, 1450, 0, 11600, '2017-01-08', 2154),
('9676556610', 'mlfadmin', 56, 2018000185, '2016-07-16', 1860, 9, 0, 1860, 0, 1860, '2016-07-25', 1055),
('9676556610', 'mlfadmin', 56, 2018000186, '2016-08-16', 1860, 13, 0, 1800, 0, 3660, '2016-08-29', 1095),
('9676556610', 'mlfadmin', 56, 2018000187, '2016-09-16', 1920, 5, 0, 1850, 0, 5510, '2016-09-21', 1131),
('9676556610', 'mlfadmin', 56, 2018000188, '2016-10-16', 1930, 94, 0, 2000, 0, 7510, '2017-01-18', 1175),
('9676556610', 'mlfadmin', 56, 2018000189, '2016-11-16', 1790, 127, 0, 2000, 0, 9510, '2017-03-23', 3192),
('9676556610', 'mlfadmin', 56, 2018000190, '2016-12-16', 1650, 97, 0, 2000, 0, 11510, '2017-03-23', 3192),
('9676556610', 'mlfadmin', 56, 2018000191, '2017-01-16', 1510, 102, 0, 2000, 0, 13510, '2017-04-28', 4105),
('9676556610', 'mlfadmin', 56, 2018000192, '2017-02-16', 1370, 92, 0, 2000, 0, 15510, '2017-05-19', 5017),
('9676556610', 'mlfadmin', 56, 2018000193, '2017-03-16', 1230, 64, 0, 2000, 0, 17510, '2017-05-19', 5017),
('9676556610', 'mlfadmin', 56, 2018000194, '2017-04-16', 1090, 60, 0, 2000, 0, 19510, '2017-06-15', 5136),
('9676556610', 'mlfadmin', 56, 2018000195, '2017-05-16', 950, 30, 0, 2000, 0, 21510, '2017-06-15', 5136),
('9676556610', 'mlfadmin', 56, 2018000196, '2017-06-16', 810, 32, 0, 810, 0, 22320, '2017-07-18', 6113),
('9640630661', 'mlfadmin', 57, 2018000197, '2016-07-20', 1365, 2, 0, 1365, 0, 1365, '2016-07-22', 1057),
('9640630661', 'mlfadmin', 57, 2018000198, '2016-08-20', 1365, -2, 0, 1365, 0, 2730, '2016-08-18', 1079),
('9640630661', 'mlfadmin', 57, 2018000199, '2016-09-20', 1365, 8, 0, 1400, 0, 4130, '2016-09-28', 1140),
('9640630661', 'mlfadmin', 57, 2018000200, '2016-10-20', 1330, 41, 0, 1400, 0, 5530, '2016-11-30', 2001),
('9640630661', 'mlfadmin', 57, 2018000201, '2016-11-20', 1295, 30, 0, 1330, 0, 6860, '2016-12-20', 2106),
('9640630661', 'mlfadmin', 57, 2018000202, '2016-12-20', 1330, 0, 0, 1330, 0, 8190, '2016-12-20', 2106),
('9989562497', 'mlfadmin', 60, 2018000203, '2016-07-22', 1240, 1, 0, 1240, 0, 1240, '2016-07-23', 1050),
('9989562497', 'mlfadmin', 60, 2018000204, '2016-08-22', 1240, 0, 0, 1240, 0, 2480, '2016-08-22', 1083),
('9989562497', 'mlfadmin', 60, 2018000205, '2016-09-22', 1240, 1, 0, 1240, 0, 3720, '2016-09-23', 1137),
('9989562497', 'mlfadmin', 60, 2018000206, '2016-10-22', 0, 2, 0, 1240, 0, 4960, '2016-10-24', 1188),
('9989562497', 'mlfadmin', 60, 2018000207, '2016-11-22', 1240, 2, 0, 1220, 0, 6180, '2016-11-24', 2055),
('9989562497', 'mlfadmin', 60, 2018000208, '2016-12-22', 1260, 15, 0, 1240, 0, 7420, '2017-01-06', 2147),
('9989562497', 'mlfadmin', 60, 2018000209, '2017-01-22', 1260, 10, 0, 1240, 0, 8660, '2017-02-01', 3007),
('9989562497', 'mlfadmin', 60, 2018000210, '2017-02-22', 1260, 6, 0, 1240, 0, 9900, '2017-02-28', 3095),
('9989562497', 'mlfadmin', 60, 2018000211, '2017-03-22', 1260, 3, 0, 1240, 0, 11140, '2017-03-25', 3191),
('9989562497', 'mlfadmin', 60, 2018000212, '2017-04-22', 1260, 30, 0, 1240, 0, 12380, '2017-05-22', 5016),
('9989562497', 'mlfadmin', 60, 2018000213, '2017-05-22', 1260, 0, 0, 1240, 0, 13620, '2017-05-22', 5016),
('9989562497', 'mlfadmin', 60, 2018000214, '2017-06-22', 1260, 0, 0, 1240, 0, 14860, '2017-06-22', 5195),
('9959033014', 'mlfadmin', 34, 2018000215, '2016-06-16', 1550, 0, 0, 1550, 0, 1550, '2016-06-16', 1019),
('9959033014', 'mlfadmin', 34, 2018000216, '2016-07-16', 1550, 0, 0, 1550, 0, 3100, '2016-07-16', 1043),
('9959033014', 'mlfadmin', 34, 2018000217, '2016-08-16', 1550, 2, 0, 1550, 0, 4650, '2016-08-18', 1078),
('9959033014', 'mlfadmin', 34, 2018000218, '2016-09-16', 1550, 20, 0, 1550, 0, 6200, '2016-10-06', 1155),
('9959033014', 'mlfadmin', 34, 2018000219, '2016-10-16', 1550, 15, 0, 1550, 0, 7750, '2016-10-31', 1196),
('9959033014', 'mlfadmin', 34, 2018000220, '2016-11-16', 1550, 22, 0, 1550, 0, 9300, '2016-12-08', 2072),
('9959033014', 'mlfadmin', 34, 2018000221, '2016-12-16', 1550, 55, 0, 1550, 0, 10850, '2017-02-09', 3038),
('9959033014', 'mlfadmin', 34, 2018000222, '2017-01-16', 1550, 24, 0, 1550, 0, 12400, '2017-02-09', 3038),
('9959033014', 'mlfadmin', 34, 2018000223, '2017-02-16', 1550, 13, 0, 1550, 0, 13950, '2017-03-01', 3101),
('9959033014', 'mlfadmin', 34, 2018000224, '2017-03-16', 1550, 22, 0, 1550, 0, 15500, '2017-04-07', 4021),
('9959033014', 'mlfadmin', 34, 2018000225, '2017-04-16', 1550, -6, 0, 1550, 0, 17050, '2017-04-10', 4029),
('9959033014', 'mlfadmin', 34, 2018000226, '2017-05-16', 1550, -36, 0, 1550, 0, 18600, '2017-04-10', 4029),
('7702334839', 'mlfadmin', 61, 2018000227, '2016-07-22', 1000, 1, 0, 1000, 0, 1000, '2016-07-23', 1051),
('7702334839', 'mlfadmin', 61, 2018000228, '2016-08-22', 1000, 0, 0, 1000, 0, 2000, '2016-08-22', 1085),
('7702334839', 'mlfadmin', 61, 2018000229, '2016-09-22', 1000, -10, 0, 1000, 0, 3000, '2016-09-12', 1124),
('7702334839', 'mlfadmin', 61, 2018000230, '2016-10-22', 1000, 70, 0, 1000, 0, 4000, '2016-12-31', 2128),
('7702334839', 'mlfadmin', 61, 2018000231, '2016-11-22', 1000, 39, 0, 1000, 0, 5000, '2016-12-31', 2128),
('7702334839', 'mlfadmin', 61, 2018000232, '2016-12-22', 1000, 9, 0, 1000, 0, 6000, '2016-12-31', 2128),
('7702334839', 'mlfadmin', 61, 2018000233, '2017-01-22', 1000, 54, 0, 1000, 0, 7000, '2017-03-17', 3147),
('7702334839', 'mlfadmin', 61, 2018000234, '2017-02-22', 1000, 19, 0, 1000, 0, 8000, '2017-03-13', 3147),
('7702334839', 'mlfadmin', 61, 2018000235, '2017-03-22', 1000, 98, 0, 1000, 0, 9000, '2017-06-28', 5200),
('7702334839', 'mlfadmin', 61, 2018000236, '2017-04-22', 1000, 67, 0, 1000, 0, 10000, '2017-06-28', 5200),
('7702334839', 'mlfadmin', 61, 2018000237, '2017-05-22', 1000, 37, 0, 1000, 0, 11000, '2017-06-28', 5200),
('7702334839', 'mlfadmin', 61, 2018000238, '2017-05-22', 0, 82, 0, 1000, 0, 12000, '2017-08-12', 7064),
('9849973950', 'mlfadmin', 62, 2018000239, '2016-07-23', 2070, 2, 0, 2070, 0, 2070, '2016-07-25', 1053),
('9849973950', 'mlfadmin', 62, 2018000240, '2016-08-23', 2070, 0, 0, 1800, 0, 3870, '2016-08-23', 1088),
('9849973950', 'mlfadmin', 62, 2018000241, '2016-09-23', 2340, -1, 0, 2070, 0, 5940, '2016-09-22', 1136),
('9849973950', 'mlfadmin', 62, 2018000242, '2016-10-23', 2340, 1, 0, 2000, 0, 7940, '2016-10-24', 1186),
('9849973950', 'mlfadmin', 62, 2018000243, '2016-11-23', 2410, 1, 0, 2000, 0, 9940, '2016-11-24', 2054),
('9849973950', 'mlfadmin', 62, 2018000244, '2016-12-23', 2480, -1, 0, 2000, 0, 11940, '2016-12-22', 2114),
('9849973950', 'mlfadmin', 62, 2018000245, '2017-01-23', 2550, 10, 0, 2000, 0, 13940, '2017-02-02', 3008),
('9849973950', 'mlfadmin', 62, 2018000246, '2017-02-23', 0, 4, 0, 1000, 0, 14940, '2017-02-27', 3091),
('9849973950', 'mlfadmin', 62, 2018000247, '2017-03-23', 3690, 26, 0, 3000, 0, 17940, '2017-04-18', 4066),
('9849973950', 'mlfadmin', 62, 2018000248, '2017-04-23', 2760, 83, 0, 2000, 0, 19940, '2017-07-15', 6105),
('9849973950', 'mlfadmin', 62, 2018000249, '2017-05-23', 2830, 90, 0, 2000, 0, 21940, '2017-08-21', 7118),
('9849973950', 'mlfadmin', 62, 2018000250, '2017-06-23', 2900, 210, 0, 2900, 0, 24840, '2018-01-19', 12029),
('9866241129', 'mlfadmin', 63, 2018000251, '2016-07-24', 985, 8, 0, 982, 0, 982, '2016-08-01', 1068),
('9866241129', 'mlfadmin', 63, 2018000252, '2016-08-24', 990, 43, 0, 1000, 0, 1982, '2016-10-06', 1156),
('9866241129', 'mlfadmin', 63, 2018000253, '2016-09-24', 975, 313, 0, 1000, 0, 2982, '2017-08-03', 6193),
('9866241129', 'mlfadmin', 63, 2018000254, '2016-10-24', 960, 525, 0, 1000, 0, 3982, '2018-04-02', 14098),
('8008533919', 'mlfadmin', 65, 2018000255, '2016-07-27', 2030, 5, 0, 2030, 0, 2030, '2016-08-01', 1060),
('8008533919', 'mlfadmin', 65, 2018000256, '2016-08-27', 2030, 5, 0, 2025, 0, 4055, '2016-09-01', 1104),
('8008533919', 'mlfadmin', 65, 2018000257, '2016-09-27', 2035, 6, 0, 2050, 0, 6105, '2016-10-03', 1147),
('8008533919', 'mlfadmin', 65, 2018000258, '2016-10-27', 2015, 7, 0, 2000, 0, 8105, '2016-11-03', 200),
('9440772787', 'mlfadmin', 66, 2018000259, '2016-07-28', 12340, 2, 0, 12350, 0, 12350, '2016-07-30', 1058),
('9440772787', 'mlfadmin', 66, 2018000260, '2016-08-28', 12330, 2, 0, 12350, 0, 24700, '2016-08-30', 1097),
('9951290060', 'mlfadmin', 67, 2018000261, '2016-07-29', 15750, 27, 0, 20000, 0, 20000, '2016-08-25', 36),
('9951290060', 'mlfadmin', 67, 2018000262, '2016-08-29', 11500, 144, 0, 12000, 0, 32000, '2017-01-20', 2183),
('9951290060', 'mlfadmin', 67, 2018000263, '2016-08-29', 0, 369, 0, 750, 0, 32750, '2017-09-02', 80),
('8985102248', 'mlfadmin', 68, 2018000264, '2016-08-01', 1560, 0, 0, 1560, 0, 1560, '2016-08-01', 1061),
('8985102248', 'mlfadmin', 68, 2018000265, '2016-09-01', 1560, 34, 0, 1560, 0, 3120, '2016-10-05', 1153),
('8985102248', 'mlfadmin', 68, 2018000266, '2016-10-01', 1560, 37, 0, 1560, 0, 4680, '2016-11-07', 2012),
('8985102248', 'mlfadmin', 68, 2018000267, '2016-11-01', 1560, 70, 0, 1560, 0, 6240, '2017-01-10', 2162),
('8985102248', 'mlfadmin', 68, 2018000268, '2016-12-01', 1560, 40, 0, 1560, 0, 7800, '2017-01-10', 2162),
('8985102248', 'mlfadmin', 68, 2018000269, '2017-01-01', 1560, 109, 0, 1560, 0, 9360, '2017-04-20', 4080),
('8985102248', 'mlfadmin', 68, 2018000270, '2017-02-01', 1560, 78, 0, 1560, 0, 10920, '2017-04-20', 4080),
('8985102248', 'mlfadmin', 68, 2018000271, '2017-03-01', 1560, 146, 0, 1560, 0, 12480, '2017-07-25', 6153),
('8985102248', 'mlfadmin', 68, 2018000272, '2017-04-01', 1560, 196, 0, 1560, 0, 14040, '2017-10-14', 9013),
('9247463910', 'mlfadmin', 5, 2018000273, '2016-07-09', 2275, -4, 0, 2275, 0, 2275, '2016-07-05', 1031),
('9247463910', 'mlfadmin', 5, 2018000274, '2016-08-09', 2275, -6, 0, 2275, 0, 4550, '2016-08-03', 1064),
('9247463910', 'mlfadmin', 5, 2018000275, '2016-09-09', 2275, -8, 0, 2275, 0, 6825, '2016-09-01', 1103),
('9247463910', 'mlfadmin', 5, 2018000276, '2016-10-09', 0, -5, 0, 2275, 0, 9100, '2016-10-04', 1150),
('9247463910', 'mlfadmin', 5, 2018000277, '2016-11-09', 2275, -8, 0, 2275, 0, 11375, '2016-11-01', 1197),
('9247463910', 'mlfadmin', 5, 2018000278, '2016-12-09', 2275, 13, 0, 2275, 0, 13650, '2016-12-22', 2113),
('9247463910', 'mlfadmin', 5, 2018000279, '2017-01-09', 2275, -7, 0, 2275, 0, 15925, '2017-01-02', 2130),
('9247463910', 'mlfadmin', 5, 2018000280, '2017-02-09', 2275, 5, 0, 2275, 0, 18200, '2017-02-14', 3052),
('9247463910', 'mlfadmin', 5, 2018000281, '2017-03-09', 2275, 1, 0, 2275, 0, 20475, '2017-03-10', 3136),
('9247463910', 'mlfadmin', 5, 2018000282, '2017-04-09', 2275, 1, 0, 2280, 0, 22755, '2017-04-10', 4031),
('9247463910', 'mlfadmin', 5, 2018000283, '2017-05-09', 2270, -6, 0, 2270, 0, 25025, '2017-05-03', 4119),
('9247463910', 'mlfadmin', 5, 2018000284, '2017-06-09', 2275, -1, 0, 2275, 0, 27300, '2017-06-08', 5090),
('9885961263', 'mlfadmin', 73, 2018000285, '2016-08-12', 2225, -8, 0, 2230, 0, 2230, '2016-08-04', 1067),
('9885961263', 'mlfadmin', 73, 2018000286, '2016-09-12', 2220, -10, 0, 2220, 0, 4450, '2016-09-02', 1105),
('9885961263', 'mlfadmin', 73, 2018000287, '2016-10-12', 2225, -5, 0, 2230, 0, 6680, '2016-10-07', 1158),
('9885961263', 'mlfadmin', 73, 2018000288, '2016-11-12', 2220, -7, 0, 2225, 0, 8905, '2016-11-05', 2010),
('9885961263', 'mlfadmin', 73, 2018000289, '2016-12-12', 2220, -3, 0, 2225, 0, 11130, '2016-12-09', 2073),
('9885961263', 'mlfadmin', 73, 2018000290, '2017-01-12', 2220, 120, 0, 2225, 0, 13355, '2017-05-12', 4172),
('9885961263', 'mlfadmin', 73, 2018000291, '2017-02-12', 2220, 89, 0, 2225, 0, 15580, '2017-05-12', 4172),
('9885961263', 'mlfadmin', 73, 2018000292, '2017-03-12', 2220, 174, 0, 2225, 0, 17805, '2017-09-02', 7167),
('9885961263', 'mlfadmin', 73, 2018000293, '2017-04-12', 2220, 143, 0, 2225, 0, 20030, '2017-09-02', 7167),
('9885961263', 'mlfadmin', 73, 2018000294, '2017-05-12', 2220, 113, 0, 2225, 0, 22255, '2017-09-02', 7167),
('9885961263', 'mlfadmin', 73, 2018000295, '2017-06-12', 2220, 82, 0, 2225, 0, 24480, '2017-09-02', 7167),
('9885961263', 'mlfadmin', 73, 2018000296, '2017-07-12', 2220, 52, 0, 2225, 0, 26705, '2017-09-02', 7167),
('9618890287', 'mlfadmin', 74, 2018000297, '2016-08-25', 1035, -12, 0, 1035, 0, 1035, '2016-08-13', 1073),
('9618890287', 'mlfadmin', 74, 2018000298, '2016-09-25', 1035, -43, 0, 1035, 0, 2070, '2016-08-13', 1073),
('9618890287', 'mlfadmin', 74, 2018000299, '2016-10-25', 1035, 120, 0, 1035, 0, 3105, '2017-02-22', 3085),
('9618890287', 'mlfadmin', 74, 2018000300, '2016-11-25', 1035, 89, 0, 1035, 0, 4140, '2017-02-22', 3085),
('9618890287', 'mlfadmin', 74, 2018000301, '2016-12-25', 1035, 59, 0, 1095, 0, 5235, '2017-02-22', 3085),
('9618890287', 'mlfadmin', 74, 2018000302, '2017-01-25', 975, 28, 0, 1035, 0, 6270, '2017-02-22', 4149),
('9618890287', 'mlfadmin', 74, 2018000303, '2017-02-25', 975, 73, 0, 1035, 0, 7305, '2017-05-09', 4149),
('9618890287', 'mlfadmin', 74, 2018000304, '2017-03-25', 975, 45, 0, 1035, 0, 8340, '2017-05-09', 4149),
('9618890287', 'mlfadmin', 74, 2018000305, '2017-04-25', 975, 14, 0, 1035, 0, 9375, '2017-05-09', 4149),
('9618890287', 'mlfadmin', 74, 2018000306, '2017-05-25', 975, -16, 0, 1035, 0, 10410, '2017-05-09', 4149),
('9618890287', 'mlfadmin', 74, 2018000307, '2017-06-25', 975, -47, 0, 1035, 0, 11445, '2017-05-09', 4150),
('9618890287', 'mlfadmin', 74, 2018000308, '2017-07-25', 975, -77, 0, 1035, 0, 12480, '2017-05-09', 4150),
('9505860258', 'mlfadmin', 77, 2018000309, '2016-08-29', 1550, 0, 0, 1550, 0, 1550, '2016-08-29', 1096),
('9505860258', 'mlfadmin', 77, 2018000310, '2016-09-29', 1550, 140, 0, 2000, 0, 3550, '2017-02-16', 3065),
('9505860258', 'mlfadmin', 77, 2018000311, '2016-10-29', 1100, 150, 0, 3500, 0, 7050, '2017-03-28', 3199),
('9505860258', 'mlfadmin', 77, 2018000312, '2016-11-29', 0, 160, 0, 2000, 0, 9050, '2017-05-08', 4141),
('9505860258', 'mlfadmin', 77, 2018000313, '2016-12-29', 0, 163, 0, 1500, 0, 10550, '2017-06-10', 5107),
('9505860258', 'mlfadmin', 77, 2018000314, '2017-01-29', 0, 328, 0, 1150, 0, 11700, '2017-12-23', 11071),
('9505860258', 'mlfadmin', 77, 2018000315, '2017-03-01', 0, 297, 0, 1150, 0, 12850, '2017-12-23', 11071),
('9505860258', 'mlfadmin', 77, 2018000316, '2017-03-29', 0, 269, 0, 1150, 0, 14000, '2017-12-23', 11071),
('9505860258', 'mlfadmin', 77, 2018000317, '2017-04-29', 0, 238, 0, 1150, 0, 15150, '2017-12-23', 11071),
('9505860258', 'mlfadmin', 77, 2018000318, '2017-05-29', 350, 208, 0, 1150, 0, 16300, '2017-12-23', 11071),
('9505860258', 'mlfadmin', 77, 2018000319, '2017-06-29', 750, 177, 0, 1150, 0, 17450, '2017-12-23', 11071),
('9505860258', 'mlfadmin', 77, 2018000320, '2017-07-29', 1150, 147, 0, 1150, 0, 18600, '2017-12-23', 11071),
('8985189788', 'mlfadmin', 78, 2018000321, '2016-08-30', 1035, 1, 0, 1035, 0, 1035, '2016-08-31', 1101),
('8985189788', 'mlfadmin', 78, 2018000322, '2016-09-30', 1035, 1, 0, 1035, 0, 2070, '2016-10-01', 1145),
('8985189788', 'mlfadmin', 78, 2018000323, '2016-10-30', 1035, 2, 0, 1030, 0, 3100, '2016-11-01', 1198),
('8985189788', 'mlfadmin', 78, 2018000324, '2016-11-30', 1040, 7, 0, 1000, 0, 4100, '2016-12-07', 2069),
('8985189788', 'mlfadmin', 78, 2018000325, '2016-12-30', 1075, 7, 0, 1000, 0, 5100, '2017-01-06', 2148),
('8985189788', 'mlfadmin', 78, 2018000326, '2017-01-30', 1110, 7, 0, 1000, 0, 6100, '2017-02-06', 3022),
('8985189788', 'mlfadmin', 78, 2018000327, '2017-03-02', 1145, 14, 0, 1000, 0, 7100, '2017-03-16', 3163),
('8985189788', 'mlfadmin', 78, 2018000328, '2017-03-30', 1180, 20, 0, 1000, 0, 8100, '2017-04-19', 4074),
('8985189788', 'mlfadmin', 78, 2018000329, '2017-04-30', 1215, 40, 0, 1000, 0, 9100, '2017-06-09', 5097),
('8985189788', 'mlfadmin', 78, 2018000330, '2017-05-30', 1250, 10, 0, 1000, 0, 10100, '2017-06-09', 5097),
('8985189788', 'mlfadmin', 78, 2018000331, '2017-06-30', 1285, 33, 0, 1000, 0, 11100, '2017-08-02', 6189),
('8985189788', 'mlfadmin', 78, 2018000332, '2017-07-30', 1320, 3, 0, 1000, 0, 12100, '2017-08-02', 6189),
('8985189788', 'mlfadmin', 78, 2018000333, '2017-07-30', 320, 15, 0, 320, 0, 12420, '2017-08-14', 7069),
('9652514320', 'mlfadmin', 79, 2018000334, '2016-08-30', 930, 4, 0, 930, 0, 930, '2016-09-03', 1106),
('9652514320', 'mlfadmin', 79, 2018000335, '2016-09-30', 930, 10, 0, 900, 0, 1830, '2016-10-10', 1165),
('9652514320', 'mlfadmin', 79, 2018000336, '2016-10-30', 960, 37, 0, 970, 0, 2800, '2016-12-06', 2065),
('9652514320', 'mlfadmin', 79, 2018000337, '2016-11-30', 920, 76, 0, 1000, 0, 3800, '2017-02-14', 3055),
('9652514320', 'mlfadmin', 79, 2018000338, '2016-12-30', 850, 46, 0, 1000, 0, 4800, '2017-02-14', 3055),
('9652514320', 'mlfadmin', 79, 2018000339, '2017-01-30', 780, 85, 0, 1000, 0, 5800, '2017-04-25', 4096),
('9652514320', 'mlfadmin', 79, 2018000340, '2017-03-02', 710, 54, 0, 1000, 0, 6800, '2017-04-25', 4096),
('9652514320', 'mlfadmin', 79, 2018000341, '2017-03-30', 640, 116, 0, 950, 0, 7750, '2017-07-24', 6151),
('9652514320', 'mlfadmin', 79, 2018000342, '2017-04-30', 620, 85, 0, 950, 0, 8700, '2017-07-24', 6151),
('9652514320', 'mlfadmin', 79, 2018000343, '2017-05-30', 600, 121, 0, 950, 0, 9650, '2017-09-28', 8120),
('9652514320', 'mlfadmin', 79, 2018000344, '2017-06-30', 580, 123, 0, 755, 0, 10405, '2017-10-31', 9114),
('9652514320', 'mlfadmin', 79, 2018000345, '2017-07-30', 755, 93, 0, 755, 0, 11160, '2017-10-31', 9114),
('9000047033', 'mlfadmin', 81, 2018000346, '2016-08-14', 1080, -3, 0, 1080, 0, 1080, '2016-08-11', 1071),
('9000047033', 'mlfadmin', 81, 2018000347, '2016-09-14', 1080, -6, 0, 1080, 0, 2160, '2016-09-08', 1112),
('9000047033', 'mlfadmin', 81, 2018000348, '2016-10-14', 1080, -7, 0, 1080, 0, 3240, '2016-10-07', 1161),
('9000047033', 'mlfadmin', 81, 2018000349, '2016-11-14', 1080, 29, 0, 1080, 0, 4320, '2016-12-13', 2089),
('9000047033', 'mlfadmin', 81, 2018000350, '2016-12-14', 1080, -1, 0, 1080, 0, 5400, '2016-12-13', 2089),
('9000047033', 'mlfadmin', 81, 2018000351, '2017-01-14', 1080, -8, 0, 1100, 0, 6500, '2017-01-06', 2146),
('9000047033', 'mlfadmin', 81, 2018000352, '2017-02-14', 1060, -7, 0, 1060, 0, 7560, '2017-02-07', 3025),
('9000047033', 'mlfadmin', 81, 2018000353, '2017-03-14', 1080, -7, 0, 1080, 0, 8640, '2017-03-07', 3124),
('9000047033', 'mlfadmin', 81, 2018000354, '2017-04-14', 1080, -4, 0, 1080, 0, 9720, '2017-04-10', 4039),
('9000047033', 'mlfadmin', 81, 2018000355, '2017-05-14', 1080, 10, 0, 1080, 0, 10800, '2017-05-24', 5036),
('9010734817', 'mlfadmin', 84, 2018000356, '2016-09-04', 0, 39, 0, 1000, 0, 1000, '2016-10-13', 1170),
('9010734817', 'mlfadmin', 84, 2018000357, '2016-10-04', 920, 251, 0, 7000, 0, 8000, '2017-06-12', 5111),
('9441862676', 'mlfadmin', 86, 2018000358, '2016-09-10', 1035, 2, 0, 1034, 0, 1034, '2016-09-12', 1122),
('9441862676', 'mlfadmin', 86, 2018000359, '2016-10-10', 1040, -5, 0, 1035, 0, 2069, '2016-10-05', 1152),
('9441862676', 'mlfadmin', 86, 2018000360, '2016-11-10', 1040, 67, 0, 1050, 0, 3119, '2017-01-16', 2170),
('9441862676', 'mlfadmin', 86, 2018000361, '2016-12-10', 1025, 37, 0, 1050, 0, 4169, '2017-01-16', 2170),
('9441862676', 'mlfadmin', 86, 2018000362, '2017-01-10', 1010, 97, 0, 1035, 0, 5204, '2017-04-17', 4045);

-- --------------------------------------------------------

--
-- Table structure for table `mlf_users`
--

CREATE TABLE `mlf_users` (
  `username` varchar(50) NOT NULL,
  `password` varchar(256) NOT NULL DEFAULT '53b08ebde5e144fb1d8a3ee61f7016c8'
) ENGINE=InnoDB DEFAULT CHARSET=latin1;

--
-- Dumping data for table `mlf_users`
--

INSERT INTO `mlf_users` (`username`, `password`) VALUES
('7093243589', '53b08ebde5e144fb1d8a3ee61f7016c8'),
('7416280347', '53b08ebde5e144fb1d8a3ee61f7016c8'),
('7702334839', '53b08ebde5e144fb1d8a3ee61f7016c8'),
('7893275942', '53b08ebde5e144fb1d8a3ee61f7016c8'),
('8008533919', '53b08ebde5e144fb1d8a3ee61f7016c8'),
('8096676102', '53b08ebde5e144fb1d8a3ee61f7016c8'),
('8142132020', '53b08ebde5e144fb1d8a3ee61f7016c8'),
('8317681823', '53b08ebde5e144fb1d8a3ee61f7016c8'),
('8500709689', '53b08ebde5e144fb1d8a3ee61f7016c8'),
('8885856565', '53b08ebde5e144fb1d8a3ee61f7016c8'),
('8985102248', '53b08ebde5e144fb1d8a3ee61f7016c8'),
('8985189788', '53b08ebde5e144fb1d8a3ee61f7016c8'),
('8985578999', '53b08ebde5e144fb1d8a3ee61f7016c8'),
('9000047033', '53b08ebde5e144fb1d8a3ee61f7016c8'),
('9010424414', '53b08ebde5e144fb1d8a3ee61f7016c8'),
('9010734817', '53b08ebde5e144fb1d8a3ee61f7016c8'),
('9100793980', '53b08ebde5e144fb1d8a3ee61f7016c8'),
('9177552628', '53b08ebde5e144fb1d8a3ee61f7016c8'),
('9247463910', '53b08ebde5e144fb1d8a3ee61f7016c8'),
('9291282347', '53b08ebde5e144fb1d8a3ee61f7016c8'),
('9440536911', '53b08ebde5e144fb1d8a3ee61f7016c8'),
('9440772787', '53b08ebde5e144fb1d8a3ee61f7016c8'),
('9441862676', '53b08ebde5e144fb1d8a3ee61f7016c8'),
('9490998595', '53b08ebde5e144fb1d8a3ee61f7016c8'),
('9491582228', '53b08ebde5e144fb1d8a3ee61f7016c8'),
('9492546883', '53b08ebde5e144fb1d8a3ee61f7016c8'),
('9505860258', '53b08ebde5e144fb1d8a3ee61f7016c8'),
('9515365555', '53b08ebde5e144fb1d8a3ee61f7016c8'),
('9515621963', '53b08ebde5e144fb1d8a3ee61f7016c8'),
('9533151416', '53b08ebde5e144fb1d8a3ee61f7016c8'),
('9550104804', '53b08ebde5e144fb1d8a3ee61f7016c8'),
('9550168681', '53b08ebde5e144fb1d8a3ee61f7016c8'),
('9618890287', '53b08ebde5e144fb1d8a3ee61f7016c8'),
('9640126991', '53b08ebde5e144fb1d8a3ee61f7016c8'),
('9640364922', '53b08ebde5e144fb1d8a3ee61f7016c8'),
('9640630661', '53b08ebde5e144fb1d8a3ee61f7016c8'),
('9640751369', '53b08ebde5e144fb1d8a3ee61f7016c8'),
('9652514320', '53b08ebde5e144fb1d8a3ee61f7016c8'),
('9666059385', '53b08ebde5e144fb1d8a3ee61f7016c8'),
('9676556610', '53b08ebde5e144fb1d8a3ee61f7016c8'),
('9701218670', '53b08ebde5e144fb1d8a3ee61f7016c8'),
('9703415686', '53b08ebde5e144fb1d8a3ee61f7016c8'),
('9704398002', '53b08ebde5e144fb1d8a3ee61f7016c8'),
('9705134449', '53b08ebde5e144fb1d8a3ee61f7016c8'),
('9848020668', '53b08ebde5e144fb1d8a3ee61f7016c8'),
('9848914535', '53b08ebde5e144fb1d8a3ee61f7016c8'),
('9849415056', '53b08ebde5e144fb1d8a3ee61f7016c8'),
('9849670604', '53b08ebde5e144fb1d8a3ee61f7016c8'),
('9849898929', '53b08ebde5e144fb1d8a3ee61f7016c8'),
('9849973950', '53b08ebde5e144fb1d8a3ee61f7016c8'),
('9866096701', '53b08ebde5e144fb1d8a3ee61f7016c8'),
('9866241129', '53b08ebde5e144fb1d8a3ee61f7016c8'),
('9866741744', '53b08ebde5e144fb1d8a3ee61f7016c8'),
('9866913247', '53b08ebde5e144fb1d8a3ee61f7016c8'),
('9881700853', '53b08ebde5e144fb1d8a3ee61f7016c8'),
('9885961263', '53b08ebde5e144fb1d8a3ee61f7016c8'),
('9908865281', '53b08ebde5e144fb1d8a3ee61f7016c8'),
('9949719448', '53b08ebde5e144fb1d8a3ee61f7016c8'),
('9951290060', '53b08ebde5e144fb1d8a3ee61f7016c8'),
('9959033014', '53b08ebde5e144fb1d8a3ee61f7016c8'),
('9959590889', '53b08ebde5e144fb1d8a3ee61f7016c8'),
('9985706334', '53b08ebde5e144fb1d8a3ee61f7016c8'),
('9989104042', '53b08ebde5e144fb1d8a3ee61f7016c8'),
('9989562497', '53b08ebde5e144fb1d8a3ee61f7016c8'),
('9989562684', '53b08ebde5e144fb1d8a3ee61f7016c8'),
('9989625573', '53b08ebde5e144fb1d8a3ee61f7016c8'),
('9989985861', '53b08ebde5e144fb1d8a3ee61f7016c8'),
('mlfadmin', '53b08ebde5e144fb1d8a3ee61f7016c8');

-- --------------------------------------------------------

--
-- Table structure for table `mlf_users_info`
--

CREATE TABLE `mlf_users_info` (
  `username` varchar(50) NOT NULL,
  `first_name` varchar(50) NOT NULL,
  `last_name` varchar(50) NOT NULL,
  `contact_num` bigint(10) NOT NULL,
  `alternate_num` bigint(10) NOT NULL,
  `d_no` varchar(25) NOT NULL,
  `street` varchar(50) NOT NULL,
  `locality` varchar(50) NOT NULL,
  `town_or_city` varchar(50) NOT NULL,
  `district` varchar(50) NOT NULL,
  `pincode` int(6) NOT NULL,
  `refer_username` varchar(50) NOT NULL,
  `refer_name` varchar(50) NOT NULL,
  `added_by` varchar(50) NOT NULL,
  `location` varchar(50) NOT NULL
) ENGINE=InnoDB DEFAULT CHARSET=latin1;

--
-- Dumping data for table `mlf_users_info`
--

INSERT INTO `mlf_users_info` (`username`, `first_name`, `last_name`, `contact_num`, `alternate_num`, `d_no`, `street`, `locality`, `town_or_city`, `district`, `pincode`, `refer_username`, `refer_name`, `added_by`, `location`) VALUES
('7093243589', 'ABRAHAM', 'E', 7093243589, 0, 'BLANK', 'BLANK', 'NR LAKULU', 'MOGALTHUR', 'West Godavari', 534281, '94', ' ', 'mlfadmin', ''),
('7416280347', 'Srinivasa Rao', 'T', 7416280347, 0, 'blank', 'blank', 'Saradha theater', 'Narasapuram', 'West Godavari', 534275, '3', '   ', 'mlfadmin', ''),
('7702334839', 'VEERA SWAMY', 'KARANI', 7702334839, 0, '6-145/1', 'Blank', 'K D PALLAVA PALEM', 'MOGALTHUR', 'West Godavari', 534281, '61', '   ', 'mlfadmin', ''),
('7893275942', 'MANIKANTA', 'P', 7893275942, 9848926265, 'BLANK', 'MAIN ROAD', 'KOPPARU', 'Narasapuram', 'West Godavari', 534275, '102', '   ', 'mlfadmin', ''),
('8008533919', 'PRASAD', 'MOTURI', 8008533919, 0, '13-3-28/3', 'CHRISTIAN PETA', 'Blank', 'Narasapuram', 'West Godavari', 534275, '65', '   ', 'mlfadmin', ''),
('8096676102', 'RATNARAJU', 'Y', 8096676102, 9502775283, '18-1-107/1', 'STATION PETA', 'NR LUTHARAN CHURCH', 'Narasapuram', 'West Godavari', 534275, '92', '   ', 'mlfadmin', ''),
('8142132020', 'LOKESH', 'K', 8142132020, 0, 'BLANK', 'BLANK', 'NR KONDALAMMA TEMPLE', 'Narasapuram', 'West Godavari', 534275, '103', '   ', 'mlfadmin', ''),
('8317681823', 'rnkvarma', 'neeraj', 8317681823, 9440330988, 'dqesd', '', 'raniklo', 'tadepalligudem', 'West Godavari', 534101, '', '', 'mlfadmin', ''),
('8500709689', 'YEDUKONDALU', 'P', 8500709689, 0, 'Blank', 'Blank', 'Blank', 'MOGALTHUR', 'West Godavari', 534281, '39', '   ', 'mlfadmin', ''),
('8885856565', 'SRINIVASA RAO', 'K', 8885856565, 9502680533, '3-106', 'PERUPALEM NORTH', 'NR SIVALAYAM', 'MOGALTHUR', 'West Godavari', 534281, '96', ' ', 'mlfadmin', ''),
('8985102248', 'CHITTI VARA PRASAD', 'DEVA', 8985102248, 0, 'BLANK', 'NAVARASAPURAM', 'NR AMBHETKAR STATUE', 'Narasapuram', 'West Godavari', 534275, '68', '   ', 'mlfadmin', ''),
('8985189788', 'KALYANI', 'T', 8985189788, 8374386491, '8-6-1', 'BLANK', 'KUMMARIPETA', 'Narasapuram', 'West Godavari', 534275, '78', ' ', 'mlfadmin', ''),
('8985578999', 'NEELADRI RAJU', 'N', 8985578999, 0, 'Blank', 'Blank', 'NR WATER TANK', 'Narasapuram', 'West Godavari', 534275, '58', '   ', 'mlfadmin', ''),
('9000047033', 'JAMUNA', 'T', 9000047033, 0, 'BLANK', 'BLANK', 'NR LAKSHMI THEATER', 'Narasapuram', 'West Godavari', 534275, '81', '   ', 'mlfadmin', ''),
('9010424414', 'SRINIVASA RAO', 'Y', 9010424414, 0, 'BLANK', 'DEVUNI THOTA', 'LAKSHMANESWARAM', 'Narasapuram', 'West Godavari', 534275, '89', '   ', 'mlfadmin', ''),
('9010734817', 'ABDHUL KARIM', 'SHAID', 9010734817, 0, 'BLANK', 'NAKKA VARI PETA', 'PICHUPALEM', 'Narasapuram', 'West Godavari', 534275, '84', '   ', 'mlfadmin', ''),
('9100793980', 'ANAND KUMAR', 'A', 9100793980, 8500010212, 'BLANK', 'GANDHI NAGAR', 'BLANK', 'Narasapuram', 'West Godavari', 534275, '98', '   ', 'mlfadmin', ''),
('9177552628', 'Janardhan Rao', 'K', 9177552628, 9177552628, 'Blank', 'Blank', 'Blank', 'Seetharampuram', 'West Godavari', 534275, '31', '   ', 'mlfadmin', ''),
('9247463910', 'SURESH KUMAR', 'OSURI', 9247463910, 0, 'BLANK', 'MISSION HIGH SCHOOL ROAD', 'BLANK', 'Narasapuram', 'West Godavari', 534275, '05', '   ', 'mlfadmin', ''),
('9291282347', 'VARA LAKSHMI', 'YEDLLA', 9291282347, 8466895858, 'Blank', 'SRIHARIPETA', 'FIRST WARD', 'Narasapuram', 'West Godavari', 534275, '54', '   ', 'mlfadmin', ''),
('9440536911', 'KRISHNA', 'P', 9440536911, 0, 'Blank', 'Blank', 'Blank', 'MOGALTHUR', 'West Godavari', 534281, '38', '   ', 'mlfadmin', ''),
('9440772787', 'MONIKA PERSIS', 'M', 9440772787, 0, '3-108', 'RUSTUMABADA', 'Blank', 'Narasapuram', 'West Godavari', 534275, '66', '   ', 'mlfadmin', ''),
('9441862676', 'RAMANJANEYULU', 'K', 9441862676, 0, 'BLANK', 'RAMALAYAM STREET', 'PEDDA SETTI BAJJILA PALEM', 'VEMPA', 'West Godavari', 534207, '86', '   ', 'mlfadmin', ''),
('9490998595', 'NARASIMHA RAO', 'N', 9490998595, 0, 'Blank', 'PERIKA VEEDI', 'Blank', 'SURYA RAO PALEM', 'West Godavari', 534156, '51', '   ', 'mlfadmin', ''),
('9491582228', 'BALA KRISHNA', 'K', 9985706334, 0, 'Blank', 'Blank', 'NR SIVALAYAM', 'DULLA', 'West Godavari', 533234, '50', '   ', 'mlfadmin', ''),
('9492546883', 'MENAKSHESWARA RAO', 'R', 9492546883, 0, '205', 'GAYATRI TOWERS', 'RUSTUMBADA', 'Narasapuram', 'West Godavari', 534275, '100', '   ', 'mlfadmin', ''),
('9505860258', 'SRINIVASU', 'ADDALA', 9505860258, 0, '4-145', 'KARIMISETTI PALEM', 'BLANK', 'TURPUTALLA', 'West Godavari', 534280, '77', '   ', 'mlfadmin', ''),
('9515365555', 'Kumar', 'I s s s', 9515365555, 9515365555, 'Blank', 'Blank', 'nr royal bakery', 'Narasapuram', 'West Godavari', 534275, '22', '   ', 'mlfadmin', ''),
('9515621963', 'TATA SAHEB', 'SHAIK', 9515621963, 0, '9-6-13', 'HUSSIN SAHEB STREET', 'SEVENTH WARD', 'Narasapuram', 'West Godavari', 534275, '55', '   ', 'mlfadmin', ''),
('9533151416', 'Ramanjaneyulu', 'L', 9533151416, 9014746488, 'Blank', 'Blank', 'Blank', 'Narsapuram', 'West Godavari', 534275, '12', '   ', 'mlfadmin', ''),
('9550104804', 'SANTHOSH', 'P B J', 9550104804, 0, '3-33', 'BLANK', 'BLANK', 'MOGALTHUR', 'West Godavari', 534281, '93', '   ', 'mlfadmin', ''),
('9550168681', 'Prasad Babu', 'G', 9550168681, 9177514367, 'Blank', 'Blank', 'Blank', 'Marrithippa', 'West Godavari', 534275, '16', '   ', 'mlfadmin', ''),
('9618890287', 'MALLIKARJUNA RAO', 'K', 9618890287, 7995287652, '4-155', 'KOTTHOTA', 'MUTYALAPALLI', 'MOGALTHUR', 'West Godavari', 534281, '74', '   ', 'mlfadmin', ''),
('9640126991', 'Yesu Babu', 'K', 9640126991, 9866954041, 'Blank', 'Blank', 'Blank', 'Seetharampuram', 'West Godavari', 534275, '7', '   mlf', 'mlfadmin', ''),
('9640364922', 'Bhanu murthy', 'V', 9640364922, 9948177293, 'Blank', 'Blank', 'Nr durga temple', 'Perupalem south', 'West Godavari', 534275, '6', '   ', 'mlfadmin', ''),
('9640630661', 'RONALD RAJA BABU', 'THOTHARAMUDI', 9640630661, 0, 'Blank', 'GANDHI NAGAR 2', 'Blank', 'Narasapuram', 'West Godavari', 534275, '57', '   ', 'mlfadmin', ''),
('9640751369', 'VENKATA LAKSHMI', 'P', 9640751369, 0, 'BLANK', 'BLANK', 'BLANK', 'MOGALTHUR', 'West Godavari', 534281, '69', '   ', 'mlfadmin', ''),
('9652514320', 'NARESH', 'N', 9652514320, 0, 'BLANK', 'BLANK', 'CHINNAMAMIDIPALLI', 'Narasapuram', 'West Godavari', 534275, '79', '   ', 'mlfadmin', ''),
('9666059385', 'Gopal', 'S', 9666059385, 0, 'Blank', 'Blank', 'Brahamanasamaikya', 'Narasapuram', 'West Godavari', 534275, '8', '   ', 'mlfadmin', ''),
('9676556610', 'RAMA KRISHNA', 'T', 9676556610, 0, 'Blank', 'RAVURI VARI STREET', 'NR RAMALAYAM', 'Narasapuram', 'West Godavari', 534275, '56', '   ', 'mlfadmin', ''),
('9701218670', 'KOTESWARA RAO', 'AKULA', 9701218670, 9573362557, '8-8-1/3', 'ADAGALLA VARI STEET', 'THIRTEEN TH WARD', 'Narasapuram', 'West Godavari', 534275, '95', ' ', 'mlfadmin', ''),
('9703415686', 'Ratna Kumari', 'K', 9703415686, 9703415686, 'Blank', 'Blank', 'Blank', 'Narasapuram', 'West Godavari', 534275, '13', '   ', 'mlfadmin', ''),
('9704398002', 'CHANDRA SHEKAR', 'K', 9704398002, 9000900290, 'BLANK', 'PASALA DEEVI', 'NR CHURCH', 'Narasapuram', 'West Godavari', 534275, '90', '   ', 'mlfadmin', ''),
('9705134449', 'RAMA KRISHNA', 'J', 9705134449, 0, 'Blank', 'CHALAVAPETA', 'Blank', 'Narasapuram', 'West Godavari', 534275, '45', '   ', 'mlfadmin', ''),
('9848020668', 'Srinivas Prasad', 'Gujja', 9848020668, 9493547904, 'Blank', 'Blank', 'Rustumbada', 'Narasapuram', 'West Godavari', 534275, '2', '   ', 'mlfadmin', ''),
('9848914535', 'YEDUKONDALU', 'V', 9848914535, 0, 'BLANK', 'RUSTUMBADA', 'BLANK', 'Narasapuram', 'West Godavari', 534275, '104', '   ', 'mlfadmin', ''),
('9849415056', 'rnkvarma', 'neeraj', 8317681823, 0, 'dqesd', 'Blank', 'raniklo', 'tadepalligudem', 'West Godavari', 534101, '', '', 'mlfadmin', ''),
('9849670604', 'RAMESH', 'KORADAD', 9849670604, 0, 'Blank', 'Blank', 'MAVULLAMMA TEMPLE', 'PALAKOLLU', 'West Godavari', 534260, '53', '   ', 'mlfadmin', ''),
('9849898929', 'YOGANAND', 'B', 9849898929, 0, 'BLANK', 'STATION PETA', 'NR RAILWAY STATION', 'Narasapuram', 'West Godavari', 534275, '105', '   ', 'mlfadmin', ''),
('9849973950', 'RAMESH', 'CH', 9849973950, 0, 'Blank', 'ARUNDATHI PETA', 'KOPPARU PANTA KALUVA', 'Narasapuram', 'West Godavari', 534275, '62', '   ', 'mlfadmin', ''),
('9866096701', 'JAYA LAKSHMI', 'K', 9866096701, 0, 'Blank', 'GODAWARI VEEDI', 'Blank', 'Narasapuram', 'West Godavari', 534275, '43', '   ', 'mlfadmin', ''),
('9866241129', 'TULASIRAM', 'M', 9866241129, 0, 'Blank', 'BHUPATHI VARI STREET', 'NR RAJA RAJESWARI THEATER', 'Narasapuram', 'West Godavari', 534275, '63', '   ', 'mlfadmin', ''),
('9866741744', 'BUJJI', 'PUSALA', 9866741744, 0, 'Blank', 'KOTTOPALLI COMPLEX', 'NR BUS STAND', 'Narasapuram', 'West Godavari', 534275, '52', '   ', 'mlfadmin', ''),
('9866913247', 'SRINIVAS', 'M', 9866913247, 0, 'Blank', 'Blank', 'MISSION HIGH SCHOOL ROAD', 'Narasapuram', 'West Godavari', 534275, '44 & 97', '   ', 'mlfadmin', ''),
('9881700853', 'RAMA KRISHNA', 'G', 9881700853, 0, 'Blank', 'Blank', 'STEAMER ROAD', 'Narasapuram', 'West Godavari', 534275, '42', '   ', 'mlfadmin', ''),
('9885961263', 'V SUBRAMANYAM', 'M', 9885961263, 0, 'BLANK', 'DEVUNI THOTA', 'TWENTY FOURTH WARD', 'Narasapuram', 'West Godavari', 534275, '73', '   ', 'mlfadmin', ''),
('9908865281', 'Yesu Babu', 'K', 9908865281, 9000882993, 'Blank', 'Blank', 'Blank', 'Narasapuram', 'West Godavari', 534275, '26', '   ', '', ''),
('9949719448', 'Nagendra Babu', 'B', 9949719448, 9949719448, 'Blank', 'Blank', 'Blank', 'Narasapuram', 'West Godavari', 534275, '23', '   ', 'mlfadmin', ''),
('9951290060', 'SRINIVASA RAO', 'BOKKA', 9951290060, 0, 'BLANK', 'CHAMAKURI PALEM', 'BLANK', 'PASALADEVI', 'West Godavari', 534280, '67', '   ', 'mlfadmin', ''),
('9959033014', 'RAMU', 'M', 9959033014, 0, 'Blank', 'MAIN ROAD', 'FLOWER SHOP', 'Narasapuram', 'West Godavari', 534275, '34', '   ', 'mlfadmin', ''),
('9959590889', 'RAHUL', 'L', 9959590889, 9666223003, 'BLANK', 'PAATAKALUVA', 'KONDAVARI PALEM', 'MOGALTHUR', 'West Godavari', 534281, '88', '   ', 'mlfadmin', ''),
('9985706334', 'YEDUKONDALU', 'D', 9985706334, 8096207079, 'Blank', 'Blank', 'KOTHOTA', 'MOGALTHUR', 'West Godavari', 534281, '49', '   ', 'mlfadmin', ''),
('9989104042', 'RAJESH', 'V', 9989104042, 0, 'BLANK', 'THONDURU', 'BLANK', 'BHIMAVARAM', 'West Godavari', 534201, '91', '   ', 'mlfadmin', ''),
('9989562497', 'VENKATESWARLU', 'MALLADI', 9989562497, 0, '3-70/1', 'GODAWARI VEEDI', 'BADAVA', 'YENUGUVANI LANKA', 'West Godavari', 534266, '60', '   ', 'mlfadmin', ''),
('9989562684', 'NARESH', 'CH', 9989562684, 9676193375, '1-13', 'CRISTIAN PETA', 'BLANK', 'MOGALTHUR', 'West Godavari', 534281, '87', '   ', 'mlfadmin', ''),
('9989625573', 'John Babu', 'CH', 9989625573, 0, 'blank', 'blank', 'Station Peta', 'Narasapuram', 'West Godavari', 534275, '1', '   ', 'mlfadmin', ''),
('9989985861', 'SRIHARI', 'K', 9989985861, 0, 'Blank', 'Blank', 'Blank', 'ULAMPARRU', 'West Godavari', 534275, '47', '   ', 'mlfadmin', ''),
('mlfadmin', 'Admin', 'Name', 1234567890, 987654321, '12-34/5', 'abcd', 'efgh', 'ijkl', 'West Godavari', 534101, '', '', '', '');

-- --------------------------------------------------------

--
-- Table structure for table `mlf_users_roles`
--

CREATE TABLE `mlf_users_roles` (
  `username` varchar(50) NOT NULL,
  `role_id` int(11) NOT NULL
) ENGINE=InnoDB DEFAULT CHARSET=latin1;

--
-- Dumping data for table `mlf_users_roles`
--

INSERT INTO `mlf_users_roles` (`username`, `role_id`) VALUES
('7093243589', 3),
('7416280347', 3),
('7702334839', 3),
('7893275942', 3),
('8008533919', 3),
('8096676102', 3),
('8142132020', 3),
('8317681823', 3),
('8500709689', 3),
('8885856565', 3),
('8985102248', 3),
('8985189788', 3),
('8985578999', 3),
('9000047033', 3),
('9010424414', 3),
('9010734817', 3),
('9100793980', 3),
('9177552628', 3),
('9247463910', 3),
('9291282347', 3),
('9440536911', 3),
('9440772787', 3),
('9441862676', 3),
('9490998595', 3),
('9491582228', 3),
('9492546883', 3),
('9505860258', 3),
('9515365555', 3),
('9515621963', 3),
('9533151416', 3),
('9550104804', 3),
('9550168681', 3),
('9618890287', 3),
('9640126991', 3),
('9640364922', 3),
('9640630661', 3),
('9640751369', 3),
('9652514320', 3),
('9666059385', 3),
('9676556610', 3),
('9701218670', 3),
('9703415686', 3),
('9704398002', 3),
('9705134449', 3),
('9848020668', 3),
('9848914535', 3),
('9849415056', 3),
('9849670604', 3),
('9849898929', 3),
('9849973950', 3),
('9866096701', 3),
('9866241129', 3),
('9866741744', 3),
('9866913247', 3),
('9881700853', 3),
('9885961263', 3),
('9908865281', 3),
('9949719448', 3),
('9951290060', 3),
('9959033014', 3),
('9959590889', 3),
('9985706334', 3),
('9989104042', 3),
('9989562497', 3),
('9989562684', 3),
('9989625573', 3),
('9989985861', 3),
('mlfadmin', 1);

--
-- Indexes for dumped tables
--

--
-- Indexes for table `mlf_accessories_purchase`
--
ALTER TABLE `mlf_accessories_purchase`
  ADD UNIQUE KEY `serial_number` (`serial_number`);

--
-- Indexes for table `mlf_article_finance`
--
ALTER TABLE `mlf_article_finance`
  ADD UNIQUE KEY `bill_number` (`reference_number`),
  ADD UNIQUE KEY `article_bill_number` (`article_bill_number`,`reference_number`);

--
-- Indexes for table `mlf_cash_finance`
--
ALTER TABLE `mlf_cash_finance`
  ADD UNIQUE KEY `bill_number` (`reference_number`),
  ADD UNIQUE KEY `reference_number` (`reference_number`,`bill_number`);

--
-- Indexes for table `mlf_old_materials_purchase`
--
ALTER TABLE `mlf_old_materials_purchase`
  ADD UNIQUE KEY `serial_number` (`serial_number`),
  ADD UNIQUE KEY `serial_number_2` (`serial_number`),
  ADD UNIQUE KEY `serial_number_3` (`serial_number`);

--
-- Indexes for table `mlf_old_materials_sold`
--
ALTER TABLE `mlf_old_materials_sold`
  ADD UNIQUE KEY `serial_number` (`serial_number`),
  ADD UNIQUE KEY `serial_number_2` (`serial_number`);

--
-- Indexes for table `mlf_roles`
--
ALTER TABLE `mlf_roles`
  ADD PRIMARY KEY (`role_id`),
  ADD UNIQUE KEY `roie_id` (`role_id`),
  ADD UNIQUE KEY `role_name` (`role_name`);

--
-- Indexes for table `mlf_services`
--
ALTER TABLE `mlf_services`
  ADD PRIMARY KEY (`service_id`),
  ADD UNIQUE KEY `service_id` (`service_id`);

--
-- Indexes for table `mlf_transactions`
--
ALTER TABLE `mlf_transactions`
  ADD UNIQUE KEY `bill_number` (`transaction_id`);

--
-- Indexes for table `mlf_users`
--
ALTER TABLE `mlf_users`
  ADD PRIMARY KEY (`username`),
  ADD UNIQUE KEY `username` (`username`),
  ADD KEY `username_2` (`username`);

--
-- Indexes for table `mlf_users_info`
--
ALTER TABLE `mlf_users_info`
  ADD UNIQUE KEY `username` (`username`);

--
-- Indexes for table `mlf_users_roles`
--
ALTER TABLE `mlf_users_roles`
  ADD UNIQUE KEY `username` (`username`);
COMMIT;

/*!40101 SET CHARACTER_SET_CLIENT=@OLD_CHARACTER_SET_CLIENT */;
/*!40101 SET CHARACTER_SET_RESULTS=@OLD_CHARACTER_SET_RESULTS */;
/*!40101 SET COLLATION_CONNECTION=@OLD_COLLATION_CONNECTION */;
